ActeID,SejourID,CodeCCAM,LibelleActe,DateActe,CodeExecutant
ACT-000001,SEJ-000001,HMER001,IRM médullaire,2023-07-17,PRO-036
ACT-000002,SEJ-000002,ZZLQ004,Prélèvement sanguin,2023-01-19,PRO-037
ACT-000003,SEJ-000002,BQFA006,Biopsie hépatique,2023-03-27,PRO-023
ACT-000004,SEJ-000002,BQFA006,Biopsie hépatique,2023-04-09,PRO-030
ACT-000005,SEJ-000002,DDFA001,Thoracentèse,2022-08-27,PRO-039
ACT-000006,SEJ-000002,DZFA003,Pose de voie veineuse périphérique,2023-11-15,PRO-021
ACT-000007,SEJ-000004,ZZLQ004,Prélèvement sanguin,2022-07-03,PRO-024
ACT-000008,SEJ-000004,HMER001,IRM médullaire,2023-01-16,PRO-023
ACT-000009,SEJ-000005,JJQE002,Échocardiographie transthoracique,2022-03-09,PRO-038
ACT-000010,SEJ-000005,NFKA003,Réduction de fracture du fémur,2023-09-12,PRO-033
ACT-000011,SEJ-000006,JJQE002,Échocardiographie transthoracique,2022-04-29,PRO-023
ACT-000012,SEJ-000007,ZZLQ004,Prélèvement sanguin,2022-02-11,PRO-035
ACT-000013,SEJ-000008,ZZLQ004,Prélèvement sanguin,2023-10-18,PRO-033
ACT-000014,SEJ-000011,ZZFA001,Consultation cardiologique,2022-05-11,PRO-018
ACT-000015,SEJ-000012,LLFA003,Endoscopie digestive haute,2023-11-09,PRO-038
ACT-000016,SEJ-000015,HMER001,IRM médullaire,2023-05-01,PRO-031
ACT-000017,SEJ-000016,DDFA001,Thoracentèse,2023-08-06,PRO-020
ACT-000018,SEJ-000017,JJQE002,Échocardiographie transthoracique,2022-08-09,PRO-003
ACT-000019,SEJ-000018,DZFA003,Pose de voie veineuse périphérique,2023-07-26,PRO-002
ACT-000020,SEJ-000018,ZZLQ004,Prélèvement sanguin,2022-11-21,PRO-003
ACT-000021,SEJ-000019,HMER001,IRM médullaire,2023-12-07,PRO-003
ACT-000022,SEJ-000021,ZZHB001,Hospitalisation de jour,2022-05-09,PRO-013
ACT-000023,SEJ-000021,NFKA003,Réduction de fracture du fémur,2023-02-17,PRO-003
ACT-000024,SEJ-000021,DDFA001,Thoracentèse,2023-11-04,PRO-006
ACT-000025,SEJ-000021,HHFA016,Scintigraphie pulmonaire,2023-11-13,PRO-014
ACT-000026,SEJ-000021,BQFA006,Biopsie hépatique,2022-11-10,PRO-003
ACT-000027,SEJ-000022,HMER001,IRM médullaire,2022-04-15,PRO-025
ACT-000028,SEJ-000022,ZZFA001,Consultation cardiologique,2022-05-06,PRO-002
ACT-000029,SEJ-000022,JJQE002,Échocardiographie transthoracique,2023-04-19,PRO-022
ACT-000030,SEJ-000024,DZFA003,Pose de voie veineuse périphérique,2022-07-22,PRO-012
ACT-000031,SEJ-000024,HMER001,IRM médullaire,2023-11-11,PRO-033
ACT-000032,SEJ-000025,DZFA003,Pose de voie veineuse périphérique,2022-05-08,PRO-012
ACT-000033,SEJ-000027,JJQE002,Échocardiographie transthoracique,2022-04-14,PRO-004
ACT-000034,SEJ-000029,ZZFA001,Consultation cardiologique,2023-04-16,PRO-015
ACT-000035,SEJ-000030,HMER001,IRM médullaire,2022-07-25,PRO-013
ACT-000036,SEJ-000030,DDFA001,Thoracentèse,2023-08-24,PRO-015
ACT-000037,SEJ-000030,LLFA003,Endoscopie digestive haute,2022-09-22,PRO-014
ACT-000038,SEJ-000030,NFKA003,Réduction de fracture du fémur,2022-10-08,PRO-034
ACT-000039,SEJ-000030,JJQE002,Échocardiographie transthoracique,2023-01-07,PRO-028
ACT-000040,SEJ-000032,JJQE002,Échocardiographie transthoracique,2023-10-11,PRO-021
ACT-000041,SEJ-000032,HMER001,IRM médullaire,2023-10-17,PRO-014
ACT-000042,SEJ-000033,BQFA006,Biopsie hépatique,2023-06-17,PRO-019
ACT-000043,SEJ-000033,GBKQ002,Pose de sonde urinaire,2023-08-16,PRO-022
ACT-000044,SEJ-000033,ZZLQ004,Prélèvement sanguin,2023-09-10,PRO-027
ACT-000045,SEJ-000033,GBKQ002,Pose de sonde urinaire,2022-12-02,PRO-020
ACT-000046,SEJ-000035,LLFA003,Endoscopie digestive haute,2023-06-28,PRO-029
ACT-000047,SEJ-000035,LLFA003,Endoscopie digestive haute,2023-09-20,PRO-012
ACT-000048,SEJ-000037,ZZLQ004,Prélèvement sanguin,2023-01-08,PRO-011
ACT-000049,SEJ-000038,HHFA016,Scintigraphie pulmonaire,2023-10-22,PRO-011
ACT-000050,SEJ-000039,JJQE002,Échocardiographie transthoracique,2024-01-01,PRO-017
ACT-000051,SEJ-000039,DDFA001,Thoracentèse,2022-06-07,PRO-013
ACT-000052,SEJ-000039,ZZLQ004,Prélèvement sanguin,2022-09-19,PRO-025
ACT-000053,SEJ-000041,NFKA003,Réduction de fracture du fémur,2022-07-26,PRO-021
ACT-000054,SEJ-000041,HMER001,IRM médullaire,2022-12-21,PRO-017
ACT-000055,SEJ-000042,ZZLQ004,Prélèvement sanguin,2022-04-09,PRO-009
ACT-000056,SEJ-000043,HMER001,IRM médullaire,2022-11-07,PRO-014
ACT-000057,SEJ-000043,JJQE002,Échocardiographie transthoracique,2023-02-12,PRO-025
ACT-000058,SEJ-000044,NFKA003,Réduction de fracture du fémur,2022-02-23,PRO-032
ACT-000059,SEJ-000046,NFKA003,Réduction de fracture du fémur,2023-11-27,PRO-028
ACT-000060,SEJ-000046,LLFA003,Endoscopie digestive haute,2022-10-20,PRO-001
ACT-000061,SEJ-000046,HHFA016,Scintigraphie pulmonaire,2022-07-21,PRO-036
ACT-000062,SEJ-000046,DZFA003,Pose de voie veineuse périphérique,2023-07-09,PRO-028
ACT-000063,SEJ-000046,HMER001,IRM médullaire,2022-04-20,PRO-025
ACT-000064,SEJ-000048,ZZLQ004,Prélèvement sanguin,2023-03-13,PRO-036
ACT-000065,SEJ-000049,NFKA003,Réduction de fracture du fémur,2023-03-14,PRO-014
ACT-000066,SEJ-000049,JJQE002,Échocardiographie transthoracique,2022-07-25,PRO-034
ACT-000067,SEJ-000050,ZZHB001,Hospitalisation de jour,2023-06-23,PRO-019
ACT-000068,SEJ-000050,DDFA001,Thoracentèse,2023-03-05,PRO-012
ACT-000069,SEJ-000052,JJQE002,Échocardiographie transthoracique,2022-05-20,PRO-035
ACT-000070,SEJ-000052,ZZFA001,Consultation cardiologique,2023-08-10,PRO-014
ACT-000071,SEJ-000053,NFKA003,Réduction de fracture du fémur,2022-10-09,PRO-025
ACT-000072,SEJ-000053,JJQE002,Échocardiographie transthoracique,2022-05-11,PRO-028
ACT-000073,SEJ-000053,HHFA016,Scintigraphie pulmonaire,2023-08-04,PRO-027
ACT-000074,SEJ-000053,GBKQ002,Pose de sonde urinaire,2023-09-12,PRO-036
ACT-000075,SEJ-000055,LLFA003,Endoscopie digestive haute,2022-10-23,PRO-009
ACT-000076,SEJ-000056,ZZFA001,Consultation cardiologique,2022-04-06,PRO-028
ACT-000077,SEJ-000058,JJQE002,Échocardiographie transthoracique,2022-09-19,PRO-026
ACT-000078,SEJ-000058,JJQE002,Échocardiographie transthoracique,2022-05-04,PRO-023
ACT-000079,SEJ-000059,ZZLQ004,Prélèvement sanguin,2023-06-13,PRO-037
ACT-000080,SEJ-000060,JJQE002,Échocardiographie transthoracique,2022-07-30,PRO-023
ACT-000081,SEJ-000060,BQFA006,Biopsie hépatique,2022-02-09,PRO-033
ACT-000082,SEJ-000060,LLFA003,Endoscopie digestive haute,2022-09-09,PRO-025
ACT-000083,SEJ-000062,HMER001,IRM médullaire,2023-12-15,PRO-001
ACT-000084,SEJ-000062,ZZFA001,Consultation cardiologique,2023-01-23,PRO-030
ACT-000085,SEJ-000062,DZFA003,Pose de voie veineuse périphérique,2022-07-08,PRO-021
ACT-000086,SEJ-000063,HMER001,IRM médullaire,2023-12-02,PRO-007
ACT-000087,SEJ-000064,GBKQ002,Pose de sonde urinaire,2022-07-03,PRO-025
ACT-000088,SEJ-000064,GBKQ002,Pose de sonde urinaire,2022-12-31,PRO-034
ACT-000089,SEJ-000064,HMER001,IRM médullaire,2023-09-06,PRO-013
ACT-000090,SEJ-000065,LLFA003,Endoscopie digestive haute,2022-06-01,PRO-030
ACT-000091,SEJ-000065,ZZFA001,Consultation cardiologique,2023-04-29,PRO-025
ACT-000092,SEJ-000066,HHFA016,Scintigraphie pulmonaire,2023-09-07,PRO-028
ACT-000093,SEJ-000067,HHFA016,Scintigraphie pulmonaire,2023-04-05,PRO-009
ACT-000094,SEJ-000067,ZZLQ004,Prélèvement sanguin,2022-10-27,PRO-016
ACT-000095,SEJ-000067,NFKA003,Réduction de fracture du fémur,2022-06-16,PRO-001
ACT-000096,SEJ-000070,HHFA016,Scintigraphie pulmonaire,2022-03-12,PRO-020
ACT-000097,SEJ-000071,ZZFA001,Consultation cardiologique,2023-05-30,PRO-016
ACT-000098,SEJ-000075,LLFA003,Endoscopie digestive haute,2023-01-03,PRO-030
ACT-000099,SEJ-000075,DZFA003,Pose de voie veineuse périphérique,2023-05-21,PRO-010
ACT-000100,SEJ-000079,GBKQ002,Pose de sonde urinaire,2022-11-07,PRO-023
ACT-000101,SEJ-000079,DDFA001,Thoracentèse,2023-04-29,PRO-009
ACT-000102,SEJ-000079,ZZHB001,Hospitalisation de jour,2022-02-17,PRO-037
ACT-000103,SEJ-000079,BQFA006,Biopsie hépatique,2023-07-29,PRO-010
ACT-000104,SEJ-000080,HHFA016,Scintigraphie pulmonaire,2023-01-28,PRO-022
ACT-000105,SEJ-000080,ZZLQ004,Prélèvement sanguin,2023-06-03,PRO-015
ACT-000106,SEJ-000080,ZZFA001,Consultation cardiologique,2023-07-26,PRO-017
ACT-000107,SEJ-000081,JJQE002,Échocardiographie transthoracique,2022-09-25,PRO-031
ACT-000108,SEJ-000082,JJQE002,Échocardiographie transthoracique,2022-12-09,PRO-037
ACT-000109,SEJ-000082,HMER001,IRM médullaire,2022-02-28,PRO-001
ACT-000110,SEJ-000082,DDFA001,Thoracentèse,2022-03-22,PRO-009
ACT-000111,SEJ-000082,ZZLQ004,Prélèvement sanguin,2022-06-15,PRO-014
ACT-000112,SEJ-000083,HHFA016,Scintigraphie pulmonaire,2022-09-08,PRO-017
ACT-000113,SEJ-000083,ZZHB001,Hospitalisation de jour,2022-12-08,PRO-012
ACT-000114,SEJ-000084,ZZLQ004,Prélèvement sanguin,2022-05-27,PRO-011
ACT-000115,SEJ-000084,DDFA001,Thoracentèse,2022-06-18,PRO-008
ACT-000116,SEJ-000085,DDFA001,Thoracentèse,2023-07-07,PRO-009
ACT-000117,SEJ-000085,LLFA003,Endoscopie digestive haute,2023-06-23,PRO-022
ACT-000118,SEJ-000087,NFKA003,Réduction de fracture du fémur,2023-02-25,PRO-028
ACT-000119,SEJ-000088,JJQE002,Échocardiographie transthoracique,2022-10-27,PRO-028
ACT-000120,SEJ-000088,ZZHB001,Hospitalisation de jour,2022-07-16,PRO-013
ACT-000121,SEJ-000089,GBKQ002,Pose de sonde urinaire,2022-08-14,PRO-029
ACT-000122,SEJ-000092,GBKQ002,Pose de sonde urinaire,2023-01-12,PRO-034
ACT-000123,SEJ-000093,HHFA016,Scintigraphie pulmonaire,2023-09-21,PRO-014
ACT-000124,SEJ-000093,HMER001,IRM médullaire,2023-11-11,PRO-032
ACT-000125,SEJ-000094,HMER001,IRM médullaire,2023-07-15,PRO-009
ACT-000126,SEJ-000095,HHFA016,Scintigraphie pulmonaire,2022-12-16,PRO-017
ACT-000127,SEJ-000096,GBKQ002,Pose de sonde urinaire,2023-02-19,PRO-028
ACT-000128,SEJ-000096,NFKA003,Réduction de fracture du fémur,2022-10-29,PRO-002
ACT-000129,SEJ-000096,NFKA003,Réduction de fracture du fémur,2022-12-02,PRO-004
ACT-000130,SEJ-000096,LLFA003,Endoscopie digestive haute,2022-08-06,PRO-037
ACT-000131,SEJ-000097,BQFA006,Biopsie hépatique,2022-05-31,PRO-007
ACT-000132,SEJ-000098,ZZHB001,Hospitalisation de jour,2023-07-25,PRO-026
ACT-000133,SEJ-000098,BQFA006,Biopsie hépatique,2022-12-27,PRO-030
ACT-000134,SEJ-000098,NFKA003,Réduction de fracture du fémur,2023-01-01,PRO-004
ACT-000135,SEJ-000099,NFKA003,Réduction de fracture du fémur,2023-09-04,PRO-005
ACT-000136,SEJ-000100,ZZHB001,Hospitalisation de jour,2022-04-23,PRO-014
ACT-000137,SEJ-000100,HMER001,IRM médullaire,2022-06-18,PRO-027
ACT-000138,SEJ-000101,GBKQ002,Pose de sonde urinaire,2022-12-08,PRO-005
ACT-000139,SEJ-000102,GBKQ002,Pose de sonde urinaire,2022-12-26,PRO-021
ACT-000140,SEJ-000103,NFKA003,Réduction de fracture du fémur,2022-03-22,PRO-019
ACT-000141,SEJ-000103,DDFA001,Thoracentèse,2023-08-20,PRO-008
ACT-000142,SEJ-000104,ZZFA001,Consultation cardiologique,2022-06-21,PRO-032
ACT-000143,SEJ-000104,LLFA003,Endoscopie digestive haute,2023-05-05,PRO-016
ACT-000144,SEJ-000108,HHFA016,Scintigraphie pulmonaire,2023-02-07,PRO-016
ACT-000145,SEJ-000109,GBKQ002,Pose de sonde urinaire,2022-02-28,PRO-009
ACT-000146,SEJ-000109,DZFA003,Pose de voie veineuse périphérique,2023-02-24,PRO-027
ACT-000147,SEJ-000109,ZZLQ004,Prélèvement sanguin,2023-08-04,PRO-013
ACT-000148,SEJ-000109,ZZLQ004,Prélèvement sanguin,2023-11-21,PRO-016
ACT-000149,SEJ-000109,LLFA003,Endoscopie digestive haute,2023-02-22,PRO-014
ACT-000150,SEJ-000110,GBKQ002,Pose de sonde urinaire,2023-02-02,PRO-020
ACT-000151,SEJ-000110,HMER001,IRM médullaire,2023-01-31,PRO-027
ACT-000152,SEJ-000111,GBKQ002,Pose de sonde urinaire,2022-06-07,PRO-006
ACT-000153,SEJ-000112,ZZHB001,Hospitalisation de jour,2022-09-01,PRO-003
ACT-000154,SEJ-000112,HHFA016,Scintigraphie pulmonaire,2023-08-17,PRO-036
ACT-000155,SEJ-000112,HHFA016,Scintigraphie pulmonaire,2023-08-24,PRO-038
ACT-000156,SEJ-000113,HHFA016,Scintigraphie pulmonaire,2023-11-30,PRO-012
ACT-000157,SEJ-000113,ZZLQ004,Prélèvement sanguin,2023-06-29,PRO-009
ACT-000158,SEJ-000113,DZFA003,Pose de voie veineuse périphérique,2023-01-17,PRO-038
ACT-000159,SEJ-000114,HHFA016,Scintigraphie pulmonaire,2022-09-19,PRO-027
ACT-000160,SEJ-000115,HMER001,IRM médullaire,2022-06-22,PRO-037
ACT-000161,SEJ-000115,DDFA001,Thoracentèse,2023-05-25,PRO-009
ACT-000162,SEJ-000116,ZZFA001,Consultation cardiologique,2022-06-02,PRO-002
ACT-000163,SEJ-000117,GBKQ002,Pose de sonde urinaire,2022-06-21,PRO-030
ACT-000164,SEJ-000117,DZFA003,Pose de voie veineuse périphérique,2023-12-08,PRO-007
ACT-000165,SEJ-000118,LLFA003,Endoscopie digestive haute,2022-06-08,PRO-006
ACT-000166,SEJ-000118,HHFA016,Scintigraphie pulmonaire,2022-03-30,PRO-032
ACT-000167,SEJ-000119,BQFA006,Biopsie hépatique,2022-08-17,PRO-021
ACT-000168,SEJ-000120,DZFA003,Pose de voie veineuse périphérique,2022-03-19,PRO-037
ACT-000169,SEJ-000121,BQFA006,Biopsie hépatique,2022-08-22,PRO-017
ACT-000170,SEJ-000126,HMER001,IRM médullaire,2023-09-30,PRO-032
ACT-000171,SEJ-000127,LLFA003,Endoscopie digestive haute,2023-02-22,PRO-025
ACT-000172,SEJ-000127,ZZHB001,Hospitalisation de jour,2023-07-05,PRO-038
ACT-000173,SEJ-000127,ZZFA001,Consultation cardiologique,2022-02-16,PRO-037
ACT-000174,SEJ-000127,HHFA016,Scintigraphie pulmonaire,2023-10-26,PRO-016
ACT-000175,SEJ-000129,ZZLQ004,Prélèvement sanguin,2022-03-29,PRO-007
ACT-000176,SEJ-000129,JJQE002,Échocardiographie transthoracique,2023-05-05,PRO-033
ACT-000177,SEJ-000129,BQFA006,Biopsie hépatique,2022-11-19,PRO-039
ACT-000178,SEJ-000129,ZZFA001,Consultation cardiologique,2022-04-27,PRO-034
ACT-000179,SEJ-000130,GBKQ002,Pose de sonde urinaire,2022-07-12,PRO-018
ACT-000180,SEJ-000130,JJQE002,Échocardiographie transthoracique,2023-09-15,PRO-027
ACT-000181,SEJ-000131,ZZLQ004,Prélèvement sanguin,2022-12-21,PRO-013
ACT-000182,SEJ-000132,HMER001,IRM médullaire,2022-07-26,PRO-019
ACT-000183,SEJ-000132,HHFA016,Scintigraphie pulmonaire,2022-04-27,PRO-018
ACT-000184,SEJ-000133,ZZLQ004,Prélèvement sanguin,2022-11-20,PRO-010
ACT-000185,SEJ-000135,BQFA006,Biopsie hépatique,2022-03-23,PRO-021
ACT-000186,SEJ-000136,DDFA001,Thoracentèse,2023-10-17,PRO-007
ACT-000187,SEJ-000136,NFKA003,Réduction de fracture du fémur,2022-09-11,PRO-024
ACT-000188,SEJ-000136,HMER001,IRM médullaire,2023-11-03,PRO-004
ACT-000189,SEJ-000137,ZZFA001,Consultation cardiologique,2023-05-17,PRO-016
ACT-000190,SEJ-000137,LLFA003,Endoscopie digestive haute,2022-12-09,PRO-021
ACT-000191,SEJ-000137,DDFA001,Thoracentèse,2023-06-08,PRO-020
ACT-000192,SEJ-000138,DZFA003,Pose de voie veineuse périphérique,2022-08-29,PRO-016
ACT-000193,SEJ-000139,DZFA003,Pose de voie veineuse périphérique,2022-07-13,PRO-013
ACT-000194,SEJ-000142,LLFA003,Endoscopie digestive haute,2023-08-17,PRO-039
ACT-000195,SEJ-000142,GBKQ002,Pose de sonde urinaire,2023-03-11,PRO-014
ACT-000196,SEJ-000143,HHFA016,Scintigraphie pulmonaire,2022-04-11,PRO-023
ACT-000197,SEJ-000143,LLFA003,Endoscopie digestive haute,2023-04-04,PRO-027
ACT-000198,SEJ-000143,JJQE002,Échocardiographie transthoracique,2023-08-03,PRO-032
ACT-000199,SEJ-000144,ZZLQ004,Prélèvement sanguin,2022-12-15,PRO-032
ACT-000200,SEJ-000144,ZZFA001,Consultation cardiologique,2023-12-19,PRO-033
ACT-000201,SEJ-000144,DDFA001,Thoracentèse,2023-01-01,PRO-027
ACT-000202,SEJ-000145,HMER001,IRM médullaire,2022-07-31,PRO-015
ACT-000203,SEJ-000148,ZZHB001,Hospitalisation de jour,2023-08-13,PRO-008
ACT-000204,SEJ-000151,ZZFA001,Consultation cardiologique,2023-11-06,PRO-027
ACT-000205,SEJ-000151,NFKA003,Réduction de fracture du fémur,2022-11-25,PRO-018
ACT-000206,SEJ-000151,ZZLQ004,Prélèvement sanguin,2022-07-06,PRO-008
ACT-000207,SEJ-000152,HHFA016,Scintigraphie pulmonaire,2023-12-15,PRO-033
ACT-000208,SEJ-000153,ZZFA001,Consultation cardiologique,2022-02-26,PRO-012
ACT-000209,SEJ-000155,ZZFA001,Consultation cardiologique,2022-03-12,PRO-007
ACT-000210,SEJ-000155,DDFA001,Thoracentèse,2023-10-02,PRO-024
ACT-000211,SEJ-000156,HMER001,IRM médullaire,2022-12-17,PRO-021
ACT-000212,SEJ-000157,ZZFA001,Consultation cardiologique,2023-12-08,PRO-012
ACT-000213,SEJ-000157,ZZFA001,Consultation cardiologique,2022-03-28,PRO-014
ACT-000214,SEJ-000157,HMER001,IRM médullaire,2022-12-30,PRO-017
ACT-000215,SEJ-000158,JJQE002,Échocardiographie transthoracique,2022-07-16,PRO-001
ACT-000216,SEJ-000158,DZFA003,Pose de voie veineuse périphérique,2022-07-23,PRO-028
ACT-000217,SEJ-000160,BQFA006,Biopsie hépatique,2023-01-25,PRO-025
ACT-000218,SEJ-000161,DZFA003,Pose de voie veineuse périphérique,2023-07-03,PRO-035
ACT-000219,SEJ-000162,DDFA001,Thoracentèse,2022-08-26,PRO-032
ACT-000220,SEJ-000162,DZFA003,Pose de voie veineuse périphérique,2022-08-07,PRO-032
ACT-000221,SEJ-000165,DDFA001,Thoracentèse,2023-06-16,PRO-002
ACT-000222,SEJ-000167,ZZFA001,Consultation cardiologique,2023-01-31,PRO-007
ACT-000223,SEJ-000167,NFKA003,Réduction de fracture du fémur,2022-08-23,PRO-034
ACT-000224,SEJ-000167,HHFA016,Scintigraphie pulmonaire,2022-05-31,PRO-035
ACT-000225,SEJ-000167,HHFA016,Scintigraphie pulmonaire,2022-03-10,PRO-031
ACT-000226,SEJ-000167,ZZLQ004,Prélèvement sanguin,2023-02-02,PRO-004
ACT-000227,SEJ-000168,DZFA003,Pose de voie veineuse périphérique,2023-02-18,PRO-008
ACT-000228,SEJ-000169,BQFA006,Biopsie hépatique,2023-11-27,PRO-025
ACT-000229,SEJ-000169,HHFA016,Scintigraphie pulmonaire,2022-12-28,PRO-009
ACT-000230,SEJ-000169,ZZHB001,Hospitalisation de jour,2023-10-21,PRO-037
ACT-000231,SEJ-000170,JJQE002,Échocardiographie transthoracique,2023-06-14,PRO-022
ACT-000232,SEJ-000174,DDFA001,Thoracentèse,2022-10-22,PRO-017
ACT-000233,SEJ-000174,ZZHB001,Hospitalisation de jour,2023-07-26,PRO-009
ACT-000234,SEJ-000175,LLFA003,Endoscopie digestive haute,2022-12-19,PRO-014
ACT-000235,SEJ-000175,HHFA016,Scintigraphie pulmonaire,2022-08-19,PRO-026
ACT-000236,SEJ-000175,NFKA003,Réduction de fracture du fémur,2023-07-19,PRO-022
ACT-000237,SEJ-000175,ZZFA001,Consultation cardiologique,2023-07-16,PRO-038
ACT-000238,SEJ-000176,NFKA003,Réduction de fracture du fémur,2022-11-12,PRO-022
ACT-000239,SEJ-000176,ZZFA001,Consultation cardiologique,2022-12-16,PRO-008
ACT-000240,SEJ-000177,DDFA001,Thoracentèse,2023-08-24,PRO-001
ACT-000241,SEJ-000180,NFKA003,Réduction de fracture du fémur,2022-08-03,PRO-031
ACT-000242,SEJ-000180,HHFA016,Scintigraphie pulmonaire,2022-06-10,PRO-003
ACT-000243,SEJ-000181,DDFA001,Thoracentèse,2022-02-16,PRO-020
ACT-000244,SEJ-000181,ZZFA001,Consultation cardiologique,2023-10-03,PRO-002
ACT-000245,SEJ-000182,HMER001,IRM médullaire,2023-05-11,PRO-012
ACT-000246,SEJ-000184,BQFA006,Biopsie hépatique,2022-05-25,PRO-014
ACT-000247,SEJ-000184,HHFA016,Scintigraphie pulmonaire,2022-10-19,PRO-036
ACT-000248,SEJ-000185,ZZLQ004,Prélèvement sanguin,2023-01-23,PRO-022
ACT-000249,SEJ-000185,HMER001,IRM médullaire,2023-07-09,PRO-016
ACT-000250,SEJ-000185,HMER001,IRM médullaire,2022-02-11,PRO-001
ACT-000251,SEJ-000186,BQFA006,Biopsie hépatique,2022-08-18,PRO-033
ACT-000252,SEJ-000186,JJQE002,Échocardiographie transthoracique,2023-12-24,PRO-020
ACT-000253,SEJ-000186,BQFA006,Biopsie hépatique,2022-07-14,PRO-001
ACT-000254,SEJ-000188,DDFA001,Thoracentèse,2023-07-15,PRO-005
ACT-000255,SEJ-000190,ZZFA001,Consultation cardiologique,2023-10-12,PRO-004
ACT-000256,SEJ-000190,LLFA003,Endoscopie digestive haute,2023-06-21,PRO-026
ACT-000257,SEJ-000191,DZFA003,Pose de voie veineuse périphérique,2023-12-15,PRO-039
ACT-000258,SEJ-000193,GBKQ002,Pose de sonde urinaire,2023-11-05,PRO-013
ACT-000259,SEJ-000193,DZFA003,Pose de voie veineuse périphérique,2023-05-02,PRO-022
ACT-000260,SEJ-000194,HHFA016,Scintigraphie pulmonaire,2022-04-14,PRO-034
ACT-000261,SEJ-000194,HMER001,IRM médullaire,2022-08-01,PRO-013
ACT-000262,SEJ-000194,BQFA006,Biopsie hépatique,2022-12-31,PRO-013
ACT-000263,SEJ-000194,GBKQ002,Pose de sonde urinaire,2023-07-16,PRO-014
ACT-000264,SEJ-000194,GBKQ002,Pose de sonde urinaire,2023-07-31,PRO-008
ACT-000265,SEJ-000195,GBKQ002,Pose de sonde urinaire,2023-08-12,PRO-017
ACT-000266,SEJ-000195,DZFA003,Pose de voie veineuse périphérique,2022-03-07,PRO-026
ACT-000267,SEJ-000196,JJQE002,Échocardiographie transthoracique,2022-03-13,PRO-011
ACT-000268,SEJ-000196,BQFA006,Biopsie hépatique,2022-07-05,PRO-015
ACT-000269,SEJ-000196,GBKQ002,Pose de sonde urinaire,2023-06-09,PRO-036
ACT-000270,SEJ-000198,HHFA016,Scintigraphie pulmonaire,2022-11-09,PRO-005
ACT-000271,SEJ-000200,JJQE002,Échocardiographie transthoracique,2023-09-22,PRO-012
ACT-000272,SEJ-000201,HHFA016,Scintigraphie pulmonaire,2022-11-02,PRO-037
ACT-000273,SEJ-000201,HHFA016,Scintigraphie pulmonaire,2023-06-24,PRO-030
ACT-000274,SEJ-000202,DZFA003,Pose de voie veineuse périphérique,2022-02-15,PRO-017
ACT-000275,SEJ-000203,JJQE002,Échocardiographie transthoracique,2022-06-19,PRO-009
ACT-000276,SEJ-000203,ZZFA001,Consultation cardiologique,2023-12-04,PRO-006
ACT-000277,SEJ-000203,ZZFA001,Consultation cardiologique,2022-04-23,PRO-003
ACT-000278,SEJ-000205,ZZHB001,Hospitalisation de jour,2023-03-10,PRO-006
ACT-000279,SEJ-000207,NFKA003,Réduction de fracture du fémur,2023-05-17,PRO-019
ACT-000280,SEJ-000207,JJQE002,Échocardiographie transthoracique,2022-08-08,PRO-024
ACT-000281,SEJ-000208,LLFA003,Endoscopie digestive haute,2023-10-02,PRO-017
ACT-000282,SEJ-000208,BQFA006,Biopsie hépatique,2022-06-20,PRO-006
ACT-000283,SEJ-000208,LLFA003,Endoscopie digestive haute,2022-09-20,PRO-027
ACT-000284,SEJ-000211,BQFA006,Biopsie hépatique,2022-02-28,PRO-003
ACT-000285,SEJ-000211,BQFA006,Biopsie hépatique,2023-10-13,PRO-031
ACT-000286,SEJ-000212,NFKA003,Réduction de fracture du fémur,2023-05-15,PRO-002
ACT-000287,SEJ-000213,ZZFA001,Consultation cardiologique,2023-12-04,PRO-030
ACT-000288,SEJ-000214,ZZHB001,Hospitalisation de jour,2023-01-24,PRO-016
ACT-000289,SEJ-000215,NFKA003,Réduction de fracture du fémur,2023-10-05,PRO-010
ACT-000290,SEJ-000215,BQFA006,Biopsie hépatique,2022-05-14,PRO-012
ACT-000291,SEJ-000216,ZZFA001,Consultation cardiologique,2023-05-12,PRO-019
ACT-000292,SEJ-000217,JJQE002,Échocardiographie transthoracique,2022-05-16,PRO-016
ACT-000293,SEJ-000217,BQFA006,Biopsie hépatique,2022-11-07,PRO-037
ACT-000294,SEJ-000217,ZZFA001,Consultation cardiologique,2022-05-01,PRO-023
ACT-000295,SEJ-000218,BQFA006,Biopsie hépatique,2022-11-20,PRO-010
ACT-000296,SEJ-000218,NFKA003,Réduction de fracture du fémur,2023-07-12,PRO-024
ACT-000297,SEJ-000218,BQFA006,Biopsie hépatique,2023-02-20,PRO-039
ACT-000298,SEJ-000220,GBKQ002,Pose de sonde urinaire,2023-03-19,PRO-011
ACT-000299,SEJ-000221,ZZHB001,Hospitalisation de jour,2022-04-25,PRO-002
ACT-000300,SEJ-000221,ZZFA001,Consultation cardiologique,2023-09-08,PRO-021
ACT-000301,SEJ-000221,JJQE002,Échocardiographie transthoracique,2023-07-28,PRO-010
ACT-000302,SEJ-000221,HMER001,IRM médullaire,2023-11-24,PRO-009
ACT-000303,SEJ-000221,ZZLQ004,Prélèvement sanguin,2022-07-19,PRO-023
ACT-000304,SEJ-000223,GBKQ002,Pose de sonde urinaire,2023-10-27,PRO-033
ACT-000305,SEJ-000224,NFKA003,Réduction de fracture du fémur,2022-08-27,PRO-009
ACT-000306,SEJ-000224,JJQE002,Échocardiographie transthoracique,2022-10-12,PRO-024
ACT-000307,SEJ-000224,DDFA001,Thoracentèse,2023-02-18,PRO-033
ACT-000308,SEJ-000224,JJQE002,Échocardiographie transthoracique,2023-09-12,PRO-015
ACT-000309,SEJ-000224,GBKQ002,Pose de sonde urinaire,2022-08-15,PRO-021
ACT-000310,SEJ-000225,ZZFA001,Consultation cardiologique,2023-05-01,PRO-038
ACT-000311,SEJ-000225,HMER001,IRM médullaire,2022-10-14,PRO-011
ACT-000312,SEJ-000226,DDFA001,Thoracentèse,2023-04-21,PRO-002
ACT-000313,SEJ-000226,DDFA001,Thoracentèse,2023-12-06,PRO-008
ACT-000314,SEJ-000228,BQFA006,Biopsie hépatique,2022-03-17,PRO-012
ACT-000315,SEJ-000229,JJQE002,Échocardiographie transthoracique,2022-07-27,PRO-016
ACT-000316,SEJ-000229,HHFA016,Scintigraphie pulmonaire,2023-04-09,PRO-002
ACT-000317,SEJ-000229,ZZHB001,Hospitalisation de jour,2022-04-06,PRO-038
ACT-000318,SEJ-000231,GBKQ002,Pose de sonde urinaire,2023-12-08,PRO-024
ACT-000319,SEJ-000232,ZZFA001,Consultation cardiologique,2023-09-07,PRO-038
ACT-000320,SEJ-000232,DZFA003,Pose de voie veineuse périphérique,2022-07-16,PRO-008
ACT-000321,SEJ-000234,ZZFA001,Consultation cardiologique,2023-08-19,PRO-001
ACT-000322,SEJ-000236,ZZHB001,Hospitalisation de jour,2022-10-01,PRO-004
ACT-000323,SEJ-000237,BQFA006,Biopsie hépatique,2022-10-15,PRO-021
ACT-000324,SEJ-000237,HMER001,IRM médullaire,2023-08-03,PRO-026
ACT-000325,SEJ-000238,GBKQ002,Pose de sonde urinaire,2022-06-24,PRO-029
ACT-000326,SEJ-000239,BQFA006,Biopsie hépatique,2023-05-12,PRO-026
ACT-000327,SEJ-000239,GBKQ002,Pose de sonde urinaire,2023-03-12,PRO-018
ACT-000328,SEJ-000240,HMER001,IRM médullaire,2022-09-23,PRO-010
ACT-000329,SEJ-000242,ZZFA001,Consultation cardiologique,2022-12-24,PRO-015
ACT-000330,SEJ-000243,GBKQ002,Pose de sonde urinaire,2023-03-13,PRO-006
ACT-000331,SEJ-000243,HMER001,IRM médullaire,2023-02-12,PRO-038
ACT-000332,SEJ-000243,HHFA016,Scintigraphie pulmonaire,2023-09-02,PRO-016
ACT-000333,SEJ-000243,ZZHB001,Hospitalisation de jour,2022-02-11,PRO-025
ACT-000334,SEJ-000244,HMER001,IRM médullaire,2022-09-26,PRO-029
ACT-000335,SEJ-000244,JJQE002,Échocardiographie transthoracique,2023-01-17,PRO-015
ACT-000336,SEJ-000244,BQFA006,Biopsie hépatique,2022-05-11,PRO-006
ACT-000337,SEJ-000244,LLFA003,Endoscopie digestive haute,2022-08-14,PRO-011
ACT-000338,SEJ-000245,LLFA003,Endoscopie digestive haute,2022-04-23,PRO-027
ACT-000339,SEJ-000248,BQFA006,Biopsie hépatique,2022-04-19,PRO-038
ACT-000340,SEJ-000249,HMER001,IRM médullaire,2022-10-03,PRO-035
ACT-000341,SEJ-000250,HHFA016,Scintigraphie pulmonaire,2023-12-04,PRO-014
ACT-000342,SEJ-000252,ZZLQ004,Prélèvement sanguin,2022-11-25,PRO-029
ACT-000343,SEJ-000252,DDFA001,Thoracentèse,2022-05-25,PRO-009
ACT-000344,SEJ-000253,LLFA003,Endoscopie digestive haute,2023-02-13,PRO-027
ACT-000345,SEJ-000253,JJQE002,Échocardiographie transthoracique,2022-06-02,PRO-013
ACT-000346,SEJ-000253,LLFA003,Endoscopie digestive haute,2022-09-23,PRO-013
ACT-000347,SEJ-000253,ZZLQ004,Prélèvement sanguin,2023-08-31,PRO-004
ACT-000348,SEJ-000254,ZZHB001,Hospitalisation de jour,2023-06-01,PRO-018
ACT-000349,SEJ-000255,LLFA003,Endoscopie digestive haute,2022-10-12,PRO-009
ACT-000350,SEJ-000256,ZZFA001,Consultation cardiologique,2022-08-16,PRO-001
ACT-000351,SEJ-000256,HMER001,IRM médullaire,2022-04-05,PRO-025
ACT-000352,SEJ-000258,BQFA006,Biopsie hépatique,2022-05-26,PRO-027
ACT-000353,SEJ-000258,ZZFA001,Consultation cardiologique,2023-02-20,PRO-021
ACT-000354,SEJ-000258,BQFA006,Biopsie hépatique,2022-07-07,PRO-035
ACT-000355,SEJ-000259,DDFA001,Thoracentèse,2022-11-26,PRO-015
ACT-000356,SEJ-000259,DDFA001,Thoracentèse,2023-01-15,PRO-025
ACT-000357,SEJ-000259,DDFA001,Thoracentèse,2023-08-10,PRO-027
ACT-000358,SEJ-000260,LLFA003,Endoscopie digestive haute,2023-03-31,PRO-027
ACT-000359,SEJ-000260,ZZHB001,Hospitalisation de jour,2022-07-03,PRO-009
ACT-000360,SEJ-000262,NFKA003,Réduction de fracture du fémur,2023-02-15,PRO-035
ACT-000361,SEJ-000263,NFKA003,Réduction de fracture du fémur,2023-10-26,PRO-027
ACT-000362,SEJ-000263,NFKA003,Réduction de fracture du fémur,2022-11-27,PRO-028
ACT-000363,SEJ-000263,ZZLQ004,Prélèvement sanguin,2023-06-21,PRO-015
ACT-000364,SEJ-000263,HMER001,IRM médullaire,2023-07-22,PRO-002
ACT-000365,SEJ-000263,HMER001,IRM médullaire,2022-12-14,PRO-015
ACT-000366,SEJ-000264,ZZHB001,Hospitalisation de jour,2023-12-10,PRO-020
ACT-000367,SEJ-000264,HHFA016,Scintigraphie pulmonaire,2023-02-20,PRO-025
ACT-000368,SEJ-000264,ZZLQ004,Prélèvement sanguin,2022-07-05,PRO-010
ACT-000369,SEJ-000265,DZFA003,Pose de voie veineuse périphérique,2023-01-15,PRO-036
ACT-000370,SEJ-000265,HMER001,IRM médullaire,2023-07-30,PRO-006
ACT-000371,SEJ-000266,GBKQ002,Pose de sonde urinaire,2022-08-22,PRO-018
ACT-000372,SEJ-000267,BQFA006,Biopsie hépatique,2023-07-15,PRO-018
ACT-000373,SEJ-000267,BQFA006,Biopsie hépatique,2023-07-13,PRO-025
ACT-000374,SEJ-000267,ZZLQ004,Prélèvement sanguin,2023-03-06,PRO-013
ACT-000375,SEJ-000267,DDFA001,Thoracentèse,2022-07-22,PRO-034
ACT-000376,SEJ-000267,DZFA003,Pose de voie veineuse périphérique,2023-08-16,PRO-037
ACT-000377,SEJ-000268,DZFA003,Pose de voie veineuse périphérique,2023-12-05,PRO-014
ACT-000378,SEJ-000269,JJQE002,Échocardiographie transthoracique,2022-06-13,PRO-020
ACT-000379,SEJ-000271,GBKQ002,Pose de sonde urinaire,2022-06-25,PRO-027
ACT-000380,SEJ-000272,ZZLQ004,Prélèvement sanguin,2022-07-05,PRO-001
ACT-000381,SEJ-000273,BQFA006,Biopsie hépatique,2023-12-27,PRO-002
ACT-000382,SEJ-000273,JJQE002,Échocardiographie transthoracique,2022-07-07,PRO-029
ACT-000383,SEJ-000273,ZZHB001,Hospitalisation de jour,2022-10-14,PRO-022
ACT-000384,SEJ-000274,LLFA003,Endoscopie digestive haute,2023-12-20,PRO-014
ACT-000385,SEJ-000274,DZFA003,Pose de voie veineuse périphérique,2022-09-24,PRO-016
ACT-000386,SEJ-000274,DZFA003,Pose de voie veineuse périphérique,2022-07-09,PRO-030
ACT-000387,SEJ-000274,JJQE002,Échocardiographie transthoracique,2023-05-11,PRO-030
ACT-000388,SEJ-000274,ZZFA001,Consultation cardiologique,2022-12-22,PRO-020
ACT-000389,SEJ-000275,NFKA003,Réduction de fracture du fémur,2023-03-14,PRO-014
ACT-000390,SEJ-000275,DDFA001,Thoracentèse,2022-10-13,PRO-036
ACT-000391,SEJ-000276,HHFA016,Scintigraphie pulmonaire,2022-11-14,PRO-029
ACT-000392,SEJ-000278,LLFA003,Endoscopie digestive haute,2023-10-14,PRO-028
ACT-000393,SEJ-000278,DZFA003,Pose de voie veineuse périphérique,2023-08-20,PRO-022
ACT-000394,SEJ-000278,LLFA003,Endoscopie digestive haute,2023-06-04,PRO-037
ACT-000395,SEJ-000281,JJQE002,Échocardiographie transthoracique,2023-07-14,PRO-021
ACT-000396,SEJ-000282,ZZHB001,Hospitalisation de jour,2022-08-01,PRO-003
ACT-000397,SEJ-000283,NFKA003,Réduction de fracture du fémur,2022-05-03,PRO-013
ACT-000398,SEJ-000284,DZFA003,Pose de voie veineuse périphérique,2022-09-23,PRO-003
ACT-000399,SEJ-000284,HHFA016,Scintigraphie pulmonaire,2023-04-28,PRO-037
ACT-000400,SEJ-000286,DDFA001,Thoracentèse,2022-08-09,PRO-033
ACT-000401,SEJ-000287,NFKA003,Réduction de fracture du fémur,2022-04-17,PRO-007
ACT-000402,SEJ-000287,HHFA016,Scintigraphie pulmonaire,2022-05-02,PRO-029
ACT-000403,SEJ-000288,ZZLQ004,Prélèvement sanguin,2022-12-03,PRO-020
ACT-000404,SEJ-000289,ZZHB001,Hospitalisation de jour,2022-10-30,PRO-002
ACT-000405,SEJ-000290,ZZFA001,Consultation cardiologique,2022-08-09,PRO-036
ACT-000406,SEJ-000290,NFKA003,Réduction de fracture du fémur,2022-05-09,PRO-024
ACT-000407,SEJ-000290,HHFA016,Scintigraphie pulmonaire,2023-10-02,PRO-027
ACT-000408,SEJ-000290,ZZLQ004,Prélèvement sanguin,2023-06-25,PRO-035
ACT-000409,SEJ-000291,DDFA001,Thoracentèse,2023-01-21,PRO-017
ACT-000410,SEJ-000291,ZZFA001,Consultation cardiologique,2022-08-12,PRO-004
ACT-000411,SEJ-000292,NFKA003,Réduction de fracture du fémur,2022-08-04,PRO-007
ACT-000412,SEJ-000292,DDFA001,Thoracentèse,2023-07-05,PRO-025
ACT-000413,SEJ-000293,BQFA006,Biopsie hépatique,2023-06-10,PRO-013
ACT-000414,SEJ-000293,DDFA001,Thoracentèse,2022-11-07,PRO-017
ACT-000415,SEJ-000293,DZFA003,Pose de voie veineuse périphérique,2022-08-12,PRO-021
ACT-000416,SEJ-000295,HHFA016,Scintigraphie pulmonaire,2023-11-01,PRO-003
ACT-000417,SEJ-000297,GBKQ002,Pose de sonde urinaire,2023-03-07,PRO-034
ACT-000418,SEJ-000298,LLFA003,Endoscopie digestive haute,2023-04-30,PRO-024
ACT-000419,SEJ-000298,BQFA006,Biopsie hépatique,2022-12-11,PRO-006
ACT-000420,SEJ-000300,ZZHB001,Hospitalisation de jour,2023-11-20,PRO-029
ACT-000421,SEJ-000300,LLFA003,Endoscopie digestive haute,2023-07-05,PRO-009
ACT-000422,SEJ-000301,DZFA003,Pose de voie veineuse périphérique,2022-02-14,PRO-028
ACT-000423,SEJ-000302,DDFA001,Thoracentèse,2022-04-07,PRO-034
ACT-000424,SEJ-000302,BQFA006,Biopsie hépatique,2023-08-28,PRO-016
ACT-000425,SEJ-000302,BQFA006,Biopsie hépatique,2023-10-06,PRO-027
ACT-000426,SEJ-000302,DZFA003,Pose de voie veineuse périphérique,2022-12-03,PRO-036
ACT-000427,SEJ-000303,ZZHB001,Hospitalisation de jour,2022-05-25,PRO-008
ACT-000428,SEJ-000303,ZZHB001,Hospitalisation de jour,2023-01-07,PRO-019
ACT-000429,SEJ-000303,HMER001,IRM médullaire,2023-12-27,PRO-028
ACT-000430,SEJ-000303,NFKA003,Réduction de fracture du fémur,2022-05-22,PRO-038
ACT-000431,SEJ-000304,ZZLQ004,Prélèvement sanguin,2022-05-15,PRO-030
ACT-000432,SEJ-000304,DZFA003,Pose de voie veineuse périphérique,2022-04-03,PRO-002
ACT-000433,SEJ-000304,ZZHB001,Hospitalisation de jour,2023-08-26,PRO-010
ACT-000434,SEJ-000304,ZZLQ004,Prélèvement sanguin,2023-03-12,PRO-002
ACT-000435,SEJ-000304,NFKA003,Réduction de fracture du fémur,2023-10-02,PRO-006
ACT-000436,SEJ-000305,ZZHB001,Hospitalisation de jour,2023-03-12,PRO-001
ACT-000437,SEJ-000305,DDFA001,Thoracentèse,2023-05-22,PRO-033
ACT-000438,SEJ-000305,ZZFA001,Consultation cardiologique,2022-08-03,PRO-033
ACT-000439,SEJ-000305,ZZFA001,Consultation cardiologique,2022-11-18,PRO-026
ACT-000440,SEJ-000307,ZZHB001,Hospitalisation de jour,2023-03-21,PRO-027
ACT-000441,SEJ-000307,ZZHB001,Hospitalisation de jour,2022-05-01,PRO-007
ACT-000442,SEJ-000307,DZFA003,Pose de voie veineuse périphérique,2023-11-07,PRO-026
ACT-000443,SEJ-000308,HHFA016,Scintigraphie pulmonaire,2023-06-14,PRO-032
ACT-000444,SEJ-000309,HMER001,IRM médullaire,2023-01-05,PRO-019
ACT-000445,SEJ-000309,HMER001,IRM médullaire,2022-06-19,PRO-018
ACT-000446,SEJ-000310,ZZLQ004,Prélèvement sanguin,2024-01-01,PRO-015
ACT-000447,SEJ-000313,ZZFA001,Consultation cardiologique,2022-02-28,PRO-014
ACT-000448,SEJ-000313,LLFA003,Endoscopie digestive haute,2022-03-22,PRO-026
ACT-000449,SEJ-000314,LLFA003,Endoscopie digestive haute,2023-06-21,PRO-008
ACT-000450,SEJ-000314,ZZFA001,Consultation cardiologique,2022-07-20,PRO-028
ACT-000451,SEJ-000315,ZZHB001,Hospitalisation de jour,2023-12-15,PRO-018
ACT-000452,SEJ-000318,DZFA003,Pose de voie veineuse périphérique,2023-05-02,PRO-025
ACT-000453,SEJ-000319,NFKA003,Réduction de fracture du fémur,2022-10-22,PRO-035
ACT-000454,SEJ-000319,BQFA006,Biopsie hépatique,2023-09-29,PRO-029
ACT-000455,SEJ-000320,HMER001,IRM médullaire,2022-11-17,PRO-012
ACT-000456,SEJ-000320,ZZFA001,Consultation cardiologique,2023-03-26,PRO-007
ACT-000457,SEJ-000321,ZZFA001,Consultation cardiologique,2023-10-23,PRO-024
ACT-000458,SEJ-000321,HHFA016,Scintigraphie pulmonaire,2022-12-11,PRO-034
ACT-000459,SEJ-000321,JJQE002,Échocardiographie transthoracique,2023-02-24,PRO-016
ACT-000460,SEJ-000322,DZFA003,Pose de voie veineuse périphérique,2022-06-07,PRO-019
ACT-000461,SEJ-000322,BQFA006,Biopsie hépatique,2023-07-14,PRO-037
ACT-000462,SEJ-000323,ZZLQ004,Prélèvement sanguin,2023-03-01,PRO-006
ACT-000463,SEJ-000324,BQFA006,Biopsie hépatique,2022-05-06,PRO-036
ACT-000464,SEJ-000324,HMER001,IRM médullaire,2023-07-27,PRO-008
ACT-000465,SEJ-000325,DZFA003,Pose de voie veineuse périphérique,2022-11-15,PRO-022
ACT-000466,SEJ-000327,DZFA003,Pose de voie veineuse périphérique,2022-06-11,PRO-032
ACT-000467,SEJ-000328,JJQE002,Échocardiographie transthoracique,2023-11-25,PRO-026
ACT-000468,SEJ-000330,HMER001,IRM médullaire,2023-12-30,PRO-027
ACT-000469,SEJ-000331,NFKA003,Réduction de fracture du fémur,2022-03-23,PRO-037
ACT-000470,SEJ-000331,LLFA003,Endoscopie digestive haute,2023-10-01,PRO-002
ACT-000471,SEJ-000331,ZZHB001,Hospitalisation de jour,2022-12-27,PRO-013
ACT-000472,SEJ-000332,BQFA006,Biopsie hépatique,2022-09-12,PRO-033
ACT-000473,SEJ-000332,ZZFA001,Consultation cardiologique,2022-05-08,PRO-028
ACT-000474,SEJ-000333,HMER001,IRM médullaire,2023-09-15,PRO-010
ACT-000475,SEJ-000334,DDFA001,Thoracentèse,2023-02-27,PRO-009
ACT-000476,SEJ-000334,LLFA003,Endoscopie digestive haute,2022-09-26,PRO-006
ACT-000477,SEJ-000334,ZZFA001,Consultation cardiologique,2023-03-08,PRO-033
ACT-000478,SEJ-000334,DZFA003,Pose de voie veineuse périphérique,2023-03-19,PRO-038
ACT-000479,SEJ-000334,ZZLQ004,Prélèvement sanguin,2023-04-20,PRO-033
ACT-000480,SEJ-000336,ZZHB001,Hospitalisation de jour,2023-03-02,PRO-039
ACT-000481,SEJ-000336,ZZHB001,Hospitalisation de jour,2023-03-13,PRO-001
ACT-000482,SEJ-000336,ZZFA001,Consultation cardiologique,2023-06-12,PRO-012
ACT-000483,SEJ-000336,DZFA003,Pose de voie veineuse périphérique,2022-03-04,PRO-027
ACT-000484,SEJ-000337,DDFA001,Thoracentèse,2023-08-02,PRO-018
ACT-000485,SEJ-000340,BQFA006,Biopsie hépatique,2022-02-18,PRO-012
ACT-000486,SEJ-000340,GBKQ002,Pose de sonde urinaire,2022-12-25,PRO-030
ACT-000487,SEJ-000341,JJQE002,Échocardiographie transthoracique,2022-08-22,PRO-007
ACT-000488,SEJ-000341,DZFA003,Pose de voie veineuse périphérique,2022-12-10,PRO-015
ACT-000489,SEJ-000341,HMER001,IRM médullaire,2023-12-02,PRO-025
ACT-000490,SEJ-000343,JJQE002,Échocardiographie transthoracique,2023-01-15,PRO-008
ACT-000491,SEJ-000345,ZZFA001,Consultation cardiologique,2023-02-26,PRO-039
ACT-000492,SEJ-000346,GBKQ002,Pose de sonde urinaire,2022-12-31,PRO-028
ACT-000493,SEJ-000347,ZZLQ004,Prélèvement sanguin,2022-09-10,PRO-034
ACT-000494,SEJ-000348,NFKA003,Réduction de fracture du fémur,2023-03-24,PRO-009
ACT-000495,SEJ-000349,HHFA016,Scintigraphie pulmonaire,2022-08-27,PRO-023
ACT-000496,SEJ-000350,HMER001,IRM médullaire,2023-07-12,PRO-033
ACT-000497,SEJ-000350,ZZFA001,Consultation cardiologique,2022-08-22,PRO-012
ACT-000498,SEJ-000350,JJQE002,Échocardiographie transthoracique,2023-03-23,PRO-004
ACT-000499,SEJ-000350,BQFA006,Biopsie hépatique,2022-07-12,PRO-009
ACT-000500,SEJ-000350,BQFA006,Biopsie hépatique,2022-08-28,PRO-027
ACT-000501,SEJ-000351,JJQE002,Échocardiographie transthoracique,2022-02-01,PRO-008
ACT-000502,SEJ-000351,BQFA006,Biopsie hépatique,2023-10-15,PRO-039
ACT-000503,SEJ-000352,LLFA003,Endoscopie digestive haute,2023-11-15,PRO-013
ACT-000504,SEJ-000353,JJQE002,Échocardiographie transthoracique,2023-06-26,PRO-034
ACT-000505,SEJ-000354,LLFA003,Endoscopie digestive haute,2022-04-16,PRO-009
ACT-000506,SEJ-000354,BQFA006,Biopsie hépatique,2022-04-20,PRO-023
ACT-000507,SEJ-000354,ZZLQ004,Prélèvement sanguin,2022-05-13,PRO-019
ACT-000508,SEJ-000355,NFKA003,Réduction de fracture du fémur,2023-08-10,PRO-021
ACT-000509,SEJ-000355,ZZFA001,Consultation cardiologique,2022-09-30,PRO-007
ACT-000510,SEJ-000357,ZZHB001,Hospitalisation de jour,2023-11-16,PRO-017
ACT-000511,SEJ-000358,JJQE002,Échocardiographie transthoracique,2023-05-02,PRO-023
ACT-000512,SEJ-000358,HHFA016,Scintigraphie pulmonaire,2023-08-24,PRO-021
ACT-000513,SEJ-000360,HMER001,IRM médullaire,2023-10-04,PRO-024
ACT-000514,SEJ-000360,LLFA003,Endoscopie digestive haute,2023-07-01,PRO-017
ACT-000515,SEJ-000360,HHFA016,Scintigraphie pulmonaire,2023-12-08,PRO-019
ACT-000516,SEJ-000361,GBKQ002,Pose de sonde urinaire,2023-10-17,PRO-011
ACT-000517,SEJ-000362,ZZFA001,Consultation cardiologique,2022-05-02,PRO-039
ACT-000518,SEJ-000363,DDFA001,Thoracentèse,2022-11-02,PRO-029
ACT-000519,SEJ-000364,BQFA006,Biopsie hépatique,2022-12-13,PRO-028
ACT-000520,SEJ-000365,HMER001,IRM médullaire,2022-06-09,PRO-020
ACT-000521,SEJ-000365,NFKA003,Réduction de fracture du fémur,2023-12-19,PRO-015
ACT-000522,SEJ-000365,DZFA003,Pose de voie veineuse périphérique,2022-03-27,PRO-005
ACT-000523,SEJ-000365,ZZHB001,Hospitalisation de jour,2023-04-19,PRO-031
ACT-000524,SEJ-000365,ZZLQ004,Prélèvement sanguin,2023-11-22,PRO-027
ACT-000525,SEJ-000366,HMER001,IRM médullaire,2023-02-17,PRO-011
ACT-000526,SEJ-000366,GBKQ002,Pose de sonde urinaire,2022-10-31,PRO-029
ACT-000527,SEJ-000367,JJQE002,Échocardiographie transthoracique,2023-02-18,PRO-029
ACT-000528,SEJ-000367,DZFA003,Pose de voie veineuse périphérique,2022-12-30,PRO-032
ACT-000529,SEJ-000368,ZZLQ004,Prélèvement sanguin,2022-05-14,PRO-030
ACT-000530,SEJ-000369,DDFA001,Thoracentèse,2023-04-02,PRO-028
ACT-000531,SEJ-000369,JJQE002,Échocardiographie transthoracique,2023-08-01,PRO-012
ACT-000532,SEJ-000369,HMER001,IRM médullaire,2023-03-01,PRO-019
ACT-000533,SEJ-000369,GBKQ002,Pose de sonde urinaire,2023-01-27,PRO-030
ACT-000534,SEJ-000371,HHFA016,Scintigraphie pulmonaire,2022-05-16,PRO-034
ACT-000535,SEJ-000373,BQFA006,Biopsie hépatique,2023-03-17,PRO-020
ACT-000536,SEJ-000374,DZFA003,Pose de voie veineuse périphérique,2022-06-06,PRO-018
ACT-000537,SEJ-000375,DZFA003,Pose de voie veineuse périphérique,2023-06-24,PRO-001
ACT-000538,SEJ-000375,ZZHB001,Hospitalisation de jour,2022-12-28,PRO-014
ACT-000539,SEJ-000376,NFKA003,Réduction de fracture du fémur,2022-02-14,PRO-001
ACT-000540,SEJ-000376,DDFA001,Thoracentèse,2023-05-10,PRO-029
ACT-000541,SEJ-000376,HHFA016,Scintigraphie pulmonaire,2022-08-29,PRO-010
ACT-000542,SEJ-000377,GBKQ002,Pose de sonde urinaire,2023-08-17,PRO-029
ACT-000543,SEJ-000377,LLFA003,Endoscopie digestive haute,2023-09-25,PRO-028
ACT-000544,SEJ-000377,ZZHB001,Hospitalisation de jour,2023-02-22,PRO-010
ACT-000545,SEJ-000377,ZZLQ004,Prélèvement sanguin,2022-11-07,PRO-027
ACT-000546,SEJ-000378,DZFA003,Pose de voie veineuse périphérique,2023-07-22,PRO-031
ACT-000547,SEJ-000380,DDFA001,Thoracentèse,2023-01-27,PRO-030
ACT-000548,SEJ-000381,JJQE002,Échocardiographie transthoracique,2023-10-20,PRO-039
ACT-000549,SEJ-000381,DDFA001,Thoracentèse,2022-05-03,PRO-039
ACT-000550,SEJ-000382,BQFA006,Biopsie hépatique,2023-05-17,PRO-017
ACT-000551,SEJ-000382,BQFA006,Biopsie hépatique,2023-10-05,PRO-007
ACT-000552,SEJ-000382,BQFA006,Biopsie hépatique,2022-02-15,PRO-017
ACT-000553,SEJ-000383,ZZHB001,Hospitalisation de jour,2022-04-23,PRO-037
ACT-000554,SEJ-000385,HHFA016,Scintigraphie pulmonaire,2023-04-10,PRO-027
ACT-000555,SEJ-000387,ZZFA001,Consultation cardiologique,2022-06-27,PRO-020
ACT-000556,SEJ-000387,ZZFA001,Consultation cardiologique,2022-09-14,PRO-025
ACT-000557,SEJ-000387,ZZHB001,Hospitalisation de jour,2022-03-04,PRO-010
ACT-000558,SEJ-000387,ZZLQ004,Prélèvement sanguin,2022-03-07,PRO-005
ACT-000559,SEJ-000388,ZZHB001,Hospitalisation de jour,2022-12-25,PRO-002
ACT-000560,SEJ-000388,LLFA003,Endoscopie digestive haute,2022-08-24,PRO-020
ACT-000561,SEJ-000388,BQFA006,Biopsie hépatique,2023-10-22,PRO-010
ACT-000562,SEJ-000389,ZZFA001,Consultation cardiologique,2023-02-24,PRO-030
ACT-000563,SEJ-000391,JJQE002,Échocardiographie transthoracique,2023-04-07,PRO-025
ACT-000564,SEJ-000392,HHFA016,Scintigraphie pulmonaire,2023-06-21,PRO-032
ACT-000565,SEJ-000392,HHFA016,Scintigraphie pulmonaire,2023-10-21,PRO-002
ACT-000566,SEJ-000392,JJQE002,Échocardiographie transthoracique,2023-12-07,PRO-019
ACT-000567,SEJ-000392,ZZLQ004,Prélèvement sanguin,2023-08-09,PRO-016
ACT-000568,SEJ-000392,HHFA016,Scintigraphie pulmonaire,2022-11-21,PRO-020
ACT-000569,SEJ-000393,GBKQ002,Pose de sonde urinaire,2022-07-26,PRO-022
ACT-000570,SEJ-000394,ZZFA001,Consultation cardiologique,2023-05-21,PRO-030
ACT-000571,SEJ-000394,NFKA003,Réduction de fracture du fémur,2022-06-17,PRO-020
ACT-000572,SEJ-000395,HHFA016,Scintigraphie pulmonaire,2023-04-14,PRO-005
ACT-000573,SEJ-000396,JJQE002,Échocardiographie transthoracique,2022-12-23,PRO-005
ACT-000574,SEJ-000397,LLFA003,Endoscopie digestive haute,2022-02-27,PRO-033
ACT-000575,SEJ-000397,DDFA001,Thoracentèse,2023-05-12,PRO-037
ACT-000576,SEJ-000399,GBKQ002,Pose de sonde urinaire,2023-03-18,PRO-025
ACT-000577,SEJ-000401,JJQE002,Échocardiographie transthoracique,2023-05-17,PRO-001
ACT-000578,SEJ-000401,ZZLQ004,Prélèvement sanguin,2023-10-22,PRO-009
ACT-000579,SEJ-000403,DDFA001,Thoracentèse,2023-10-14,PRO-028
ACT-000580,SEJ-000404,GBKQ002,Pose de sonde urinaire,2022-05-04,PRO-028
ACT-000581,SEJ-000405,GBKQ002,Pose de sonde urinaire,2022-02-03,PRO-022
ACT-000582,SEJ-000406,HMER001,IRM médullaire,2022-12-17,PRO-032
ACT-000583,SEJ-000407,BQFA006,Biopsie hépatique,2022-06-24,PRO-020
ACT-000584,SEJ-000408,DZFA003,Pose de voie veineuse périphérique,2022-05-10,PRO-023
ACT-000585,SEJ-000408,HMER001,IRM médullaire,2022-12-13,PRO-031
ACT-000586,SEJ-000408,DZFA003,Pose de voie veineuse périphérique,2022-10-28,PRO-031
ACT-000587,SEJ-000408,ZZFA001,Consultation cardiologique,2022-02-18,PRO-003
ACT-000588,SEJ-000410,GBKQ002,Pose de sonde urinaire,2023-06-26,PRO-035
ACT-000589,SEJ-000411,LLFA003,Endoscopie digestive haute,2022-06-26,PRO-026
ACT-000590,SEJ-000412,JJQE002,Échocardiographie transthoracique,2022-09-18,PRO-033
ACT-000591,SEJ-000412,BQFA006,Biopsie hépatique,2023-04-13,PRO-008
ACT-000592,SEJ-000412,HHFA016,Scintigraphie pulmonaire,2022-12-05,PRO-011
ACT-000593,SEJ-000414,DDFA001,Thoracentèse,2023-04-29,PRO-017
ACT-000594,SEJ-000414,NFKA003,Réduction de fracture du fémur,2023-09-21,PRO-031
ACT-000595,SEJ-000415,HMER001,IRM médullaire,2022-08-18,PRO-017
ACT-000596,SEJ-000417,DZFA003,Pose de voie veineuse périphérique,2023-11-16,PRO-009
ACT-000597,SEJ-000417,ZZLQ004,Prélèvement sanguin,2022-09-22,PRO-002
ACT-000598,SEJ-000418,DDFA001,Thoracentèse,2022-05-15,PRO-027
ACT-000599,SEJ-000418,BQFA006,Biopsie hépatique,2023-02-16,PRO-016
ACT-000600,SEJ-000419,LLFA003,Endoscopie digestive haute,2022-10-22,PRO-015
ACT-000601,SEJ-000423,ZZFA001,Consultation cardiologique,2023-07-30,PRO-016
ACT-000602,SEJ-000424,HMER001,IRM médullaire,2022-03-09,PRO-027
ACT-000603,SEJ-000425,HMER001,IRM médullaire,2023-04-12,PRO-010
ACT-000604,SEJ-000427,JJQE002,Échocardiographie transthoracique,2023-11-03,PRO-012
ACT-000605,SEJ-000428,ZZLQ004,Prélèvement sanguin,2023-02-09,PRO-007
ACT-000606,SEJ-000430,ZZHB001,Hospitalisation de jour,2022-12-28,PRO-032
ACT-000607,SEJ-000430,HMER001,IRM médullaire,2023-08-25,PRO-019
ACT-000608,SEJ-000431,HMER001,IRM médullaire,2022-09-13,PRO-009
ACT-000609,SEJ-000431,HHFA016,Scintigraphie pulmonaire,2023-04-24,PRO-029
ACT-000610,SEJ-000432,ZZFA001,Consultation cardiologique,2023-05-21,PRO-039
ACT-000611,SEJ-000432,ZZLQ004,Prélèvement sanguin,2023-02-03,PRO-018
ACT-000612,SEJ-000433,ZZLQ004,Prélèvement sanguin,2022-11-22,PRO-022
ACT-000613,SEJ-000433,DDFA001,Thoracentèse,2022-11-04,PRO-011
ACT-000614,SEJ-000436,JJQE002,Échocardiographie transthoracique,2023-05-25,PRO-023
ACT-000615,SEJ-000437,ZZLQ004,Prélèvement sanguin,2022-10-05,PRO-002
ACT-000616,SEJ-000437,ZZFA001,Consultation cardiologique,2022-06-26,PRO-024
ACT-000617,SEJ-000437,DZFA003,Pose de voie veineuse périphérique,2023-08-27,PRO-009
ACT-000618,SEJ-000437,ZZLQ004,Prélèvement sanguin,2023-01-28,PRO-032
ACT-000619,SEJ-000438,HHFA016,Scintigraphie pulmonaire,2022-02-05,PRO-038
ACT-000620,SEJ-000441,ZZLQ004,Prélèvement sanguin,2023-01-13,PRO-009
ACT-000621,SEJ-000441,HMER001,IRM médullaire,2023-04-26,PRO-038
ACT-000622,SEJ-000441,ZZLQ004,Prélèvement sanguin,2022-09-23,PRO-023
ACT-000623,SEJ-000442,DDFA001,Thoracentèse,2023-04-01,PRO-034
ACT-000624,SEJ-000443,GBKQ002,Pose de sonde urinaire,2023-02-20,PRO-038
ACT-000625,SEJ-000443,BQFA006,Biopsie hépatique,2022-10-05,PRO-029
ACT-000626,SEJ-000445,BQFA006,Biopsie hépatique,2023-09-04,PRO-034
ACT-000627,SEJ-000445,JJQE002,Échocardiographie transthoracique,2022-07-22,PRO-008
ACT-000628,SEJ-000445,JJQE002,Échocardiographie transthoracique,2022-08-01,PRO-014
ACT-000629,SEJ-000446,ZZHB001,Hospitalisation de jour,2022-11-06,PRO-038
ACT-000630,SEJ-000446,HMER001,IRM médullaire,2023-11-06,PRO-019
ACT-000631,SEJ-000446,HHFA016,Scintigraphie pulmonaire,2022-04-11,PRO-011
ACT-000632,SEJ-000448,JJQE002,Échocardiographie transthoracique,2023-02-11,PRO-007
ACT-000633,SEJ-000449,ZZFA001,Consultation cardiologique,2023-04-20,PRO-035
ACT-000634,SEJ-000450,DZFA003,Pose de voie veineuse périphérique,2023-12-03,PRO-022
ACT-000635,SEJ-000450,NFKA003,Réduction de fracture du fémur,2022-09-22,PRO-002
ACT-000636,SEJ-000451,LLFA003,Endoscopie digestive haute,2022-09-24,PRO-013
ACT-000637,SEJ-000451,HHFA016,Scintigraphie pulmonaire,2022-03-30,PRO-030
ACT-000638,SEJ-000451,DDFA001,Thoracentèse,2022-03-15,PRO-001
ACT-000639,SEJ-000451,LLFA003,Endoscopie digestive haute,2023-06-29,PRO-012
ACT-000640,SEJ-000452,JJQE002,Échocardiographie transthoracique,2022-03-17,PRO-010
ACT-000641,SEJ-000452,JJQE002,Échocardiographie transthoracique,2022-06-14,PRO-029
ACT-000642,SEJ-000452,ZZHB001,Hospitalisation de jour,2023-05-04,PRO-011
ACT-000643,SEJ-000453,NFKA003,Réduction de fracture du fémur,2022-10-16,PRO-007
ACT-000644,SEJ-000453,HHFA016,Scintigraphie pulmonaire,2022-11-26,PRO-002
ACT-000645,SEJ-000453,HHFA016,Scintigraphie pulmonaire,2023-05-27,PRO-005
ACT-000646,SEJ-000454,BQFA006,Biopsie hépatique,2023-11-28,PRO-015
ACT-000647,SEJ-000454,DZFA003,Pose de voie veineuse périphérique,2023-08-27,PRO-025
ACT-000648,SEJ-000455,ZZHB001,Hospitalisation de jour,2022-05-23,PRO-039
ACT-000649,SEJ-000455,ZZFA001,Consultation cardiologique,2023-03-12,PRO-025
ACT-000650,SEJ-000456,DZFA003,Pose de voie veineuse périphérique,2024-01-01,PRO-021
ACT-000651,SEJ-000456,DZFA003,Pose de voie veineuse périphérique,2023-03-02,PRO-008
ACT-000652,SEJ-000458,LLFA003,Endoscopie digestive haute,2022-06-22,PRO-039
ACT-000653,SEJ-000459,ZZFA001,Consultation cardiologique,2022-02-28,PRO-021
ACT-000654,SEJ-000459,LLFA003,Endoscopie digestive haute,2022-07-05,PRO-022
ACT-000655,SEJ-000460,NFKA003,Réduction de fracture du fémur,2022-11-12,PRO-003
ACT-000656,SEJ-000460,NFKA003,Réduction de fracture du fémur,2023-03-08,PRO-032
ACT-000657,SEJ-000461,ZZFA001,Consultation cardiologique,2022-07-20,PRO-028
ACT-000658,SEJ-000462,ZZHB001,Hospitalisation de jour,2022-10-22,PRO-014
ACT-000659,SEJ-000462,HMER001,IRM médullaire,2022-11-14,PRO-001
ACT-000660,SEJ-000463,ZZFA001,Consultation cardiologique,2022-09-03,PRO-033
ACT-000661,SEJ-000464,NFKA003,Réduction de fracture du fémur,2024-01-01,PRO-037
ACT-000662,SEJ-000464,ZZLQ004,Prélèvement sanguin,2023-11-16,PRO-008
ACT-000663,SEJ-000464,HHFA016,Scintigraphie pulmonaire,2022-04-19,PRO-037
ACT-000664,SEJ-000466,ZZHB001,Hospitalisation de jour,2022-12-08,PRO-017
ACT-000665,SEJ-000466,HMER001,IRM médullaire,2022-08-31,PRO-001
ACT-000666,SEJ-000466,HMER001,IRM médullaire,2022-09-06,PRO-011
ACT-000667,SEJ-000467,NFKA003,Réduction de fracture du fémur,2023-11-13,PRO-014
ACT-000668,SEJ-000467,HHFA016,Scintigraphie pulmonaire,2022-07-11,PRO-036
ACT-000669,SEJ-000467,DDFA001,Thoracentèse,2023-10-04,PRO-008
ACT-000670,SEJ-000468,LLFA003,Endoscopie digestive haute,2022-07-05,PRO-018
ACT-000671,SEJ-000469,HMER001,IRM médullaire,2023-05-20,PRO-035
ACT-000672,SEJ-000469,ZZFA001,Consultation cardiologique,2022-09-23,PRO-013
ACT-000673,SEJ-000469,JJQE002,Échocardiographie transthoracique,2022-11-09,PRO-016
ACT-000674,SEJ-000470,HMER001,IRM médullaire,2023-03-02,PRO-011
ACT-000675,SEJ-000471,ZZFA001,Consultation cardiologique,2023-03-19,PRO-024
ACT-000676,SEJ-000471,JJQE002,Échocardiographie transthoracique,2022-05-11,PRO-036
ACT-000677,SEJ-000472,GBKQ002,Pose de sonde urinaire,2022-03-08,PRO-020
ACT-000678,SEJ-000472,HMER001,IRM médullaire,2023-04-17,PRO-013
ACT-000679,SEJ-000474,GBKQ002,Pose de sonde urinaire,2022-11-05,PRO-034
ACT-000680,SEJ-000475,BQFA006,Biopsie hépatique,2022-03-23,PRO-025
ACT-000681,SEJ-000476,HMER001,IRM médullaire,2022-06-24,PRO-016
ACT-000682,SEJ-000478,HMER001,IRM médullaire,2022-08-01,PRO-014
ACT-000683,SEJ-000479,BQFA006,Biopsie hépatique,2023-12-12,PRO-003
ACT-000684,SEJ-000481,ZZFA001,Consultation cardiologique,2022-03-17,PRO-005
ACT-000685,SEJ-000481,DZFA003,Pose de voie veineuse périphérique,2022-03-05,PRO-022
ACT-000686,SEJ-000482,ZZLQ004,Prélèvement sanguin,2022-07-12,PRO-013
ACT-000687,SEJ-000482,ZZHB001,Hospitalisation de jour,2022-03-01,PRO-030
ACT-000688,SEJ-000483,HHFA016,Scintigraphie pulmonaire,2022-04-04,PRO-004
ACT-000689,SEJ-000483,ZZFA001,Consultation cardiologique,2022-04-29,PRO-033
ACT-000690,SEJ-000483,LLFA003,Endoscopie digestive haute,2023-04-25,PRO-005
ACT-000691,SEJ-000484,NFKA003,Réduction de fracture du fémur,2022-07-15,PRO-024
ACT-000692,SEJ-000484,DZFA003,Pose de voie veineuse périphérique,2023-08-04,PRO-007
ACT-000693,SEJ-000485,ZZFA001,Consultation cardiologique,2023-05-24,PRO-028
ACT-000694,SEJ-000485,LLFA003,Endoscopie digestive haute,2022-06-30,PRO-029
ACT-000695,SEJ-000485,NFKA003,Réduction de fracture du fémur,2023-09-20,PRO-005
ACT-000696,SEJ-000485,HMER001,IRM médullaire,2023-04-27,PRO-032
ACT-000697,SEJ-000485,JJQE002,Échocardiographie transthoracique,2022-12-19,PRO-031
ACT-000698,SEJ-000486,ZZLQ004,Prélèvement sanguin,2023-04-29,PRO-016
ACT-000699,SEJ-000486,NFKA003,Réduction de fracture du fémur,2023-10-23,PRO-012
ACT-000700,SEJ-000486,JJQE002,Échocardiographie transthoracique,2022-11-28,PRO-038
ACT-000701,SEJ-000489,GBKQ002,Pose de sonde urinaire,2023-03-15,PRO-035
ACT-000702,SEJ-000489,DDFA001,Thoracentèse,2023-01-25,PRO-011
ACT-000703,SEJ-000489,HMER001,IRM médullaire,2022-10-01,PRO-020
ACT-000704,SEJ-000490,ZZLQ004,Prélèvement sanguin,2023-08-01,PRO-020
ACT-000705,SEJ-000491,ZZLQ004,Prélèvement sanguin,2023-10-08,PRO-004
ACT-000706,SEJ-000492,LLFA003,Endoscopie digestive haute,2022-02-16,PRO-035
ACT-000707,SEJ-000493,JJQE002,Échocardiographie transthoracique,2022-12-24,PRO-031
ACT-000708,SEJ-000493,NFKA003,Réduction de fracture du fémur,2022-12-12,PRO-031
ACT-000709,SEJ-000493,ZZHB001,Hospitalisation de jour,2022-10-04,PRO-035
ACT-000710,SEJ-000493,DZFA003,Pose de voie veineuse périphérique,2022-12-26,PRO-026
ACT-000711,SEJ-000494,LLFA003,Endoscopie digestive haute,2022-05-06,PRO-026
ACT-000712,SEJ-000494,DZFA003,Pose de voie veineuse périphérique,2023-11-19,PRO-002
ACT-000713,SEJ-000495,GBKQ002,Pose de sonde urinaire,2022-07-10,PRO-009
ACT-000714,SEJ-000497,DZFA003,Pose de voie veineuse périphérique,2023-09-11,PRO-025
ACT-000715,SEJ-000499,JJQE002,Échocardiographie transthoracique,2022-12-04,PRO-023
ACT-000716,SEJ-000499,NFKA003,Réduction de fracture du fémur,2022-11-07,PRO-019
ACT-000717,SEJ-000500,LLFA003,Endoscopie digestive haute,2023-04-06,PRO-009
ACT-000718,SEJ-000500,GBKQ002,Pose de sonde urinaire,2022-02-04,PRO-014
ACT-000719,SEJ-000503,DZFA003,Pose de voie veineuse périphérique,2023-06-13,PRO-014
ACT-000720,SEJ-000504,DZFA003,Pose de voie veineuse périphérique,2023-02-02,PRO-009
ACT-000721,SEJ-000505,ZZFA001,Consultation cardiologique,2022-05-28,PRO-038
ACT-000722,SEJ-000506,JJQE002,Échocardiographie transthoracique,2023-08-21,PRO-005
ACT-000723,SEJ-000507,NFKA003,Réduction de fracture du fémur,2023-04-25,PRO-006
ACT-000724,SEJ-000508,HHFA016,Scintigraphie pulmonaire,2023-10-26,PRO-023
ACT-000725,SEJ-000509,DZFA003,Pose de voie veineuse périphérique,2022-12-28,PRO-002
ACT-000726,SEJ-000511,LLFA003,Endoscopie digestive haute,2022-11-27,PRO-018
ACT-000727,SEJ-000511,HHFA016,Scintigraphie pulmonaire,2022-06-24,PRO-019
ACT-000728,SEJ-000512,ZZFA001,Consultation cardiologique,2023-12-18,PRO-039
ACT-000729,SEJ-000512,ZZLQ004,Prélèvement sanguin,2023-12-05,PRO-030
ACT-000730,SEJ-000512,BQFA006,Biopsie hépatique,2022-03-25,PRO-023
ACT-000731,SEJ-000512,NFKA003,Réduction de fracture du fémur,2022-10-26,PRO-028
ACT-000732,SEJ-000514,BQFA006,Biopsie hépatique,2022-03-10,PRO-018
ACT-000733,SEJ-000516,ZZFA001,Consultation cardiologique,2022-11-03,PRO-002
ACT-000734,SEJ-000517,BQFA006,Biopsie hépatique,2022-12-24,PRO-036
ACT-000735,SEJ-000517,DDFA001,Thoracentèse,2022-06-18,PRO-007
ACT-000736,SEJ-000518,HMER001,IRM médullaire,2022-04-22,PRO-025
ACT-000737,SEJ-000519,HHFA016,Scintigraphie pulmonaire,2023-11-11,PRO-031
ACT-000738,SEJ-000519,LLFA003,Endoscopie digestive haute,2022-12-26,PRO-024
ACT-000739,SEJ-000520,JJQE002,Échocardiographie transthoracique,2022-06-20,PRO-007
ACT-000740,SEJ-000520,HHFA016,Scintigraphie pulmonaire,2023-01-26,PRO-037
ACT-000741,SEJ-000520,LLFA003,Endoscopie digestive haute,2023-05-08,PRO-015
ACT-000742,SEJ-000522,JJQE002,Échocardiographie transthoracique,2023-11-30,PRO-003
ACT-000743,SEJ-000522,LLFA003,Endoscopie digestive haute,2022-04-02,PRO-003
ACT-000744,SEJ-000523,ZZLQ004,Prélèvement sanguin,2022-02-20,PRO-021
ACT-000745,SEJ-000523,ZZLQ004,Prélèvement sanguin,2022-10-08,PRO-017
ACT-000746,SEJ-000524,NFKA003,Réduction de fracture du fémur,2022-02-17,PRO-014
ACT-000747,SEJ-000524,NFKA003,Réduction de fracture du fémur,2023-12-12,PRO-006
ACT-000748,SEJ-000525,ZZLQ004,Prélèvement sanguin,2023-01-10,PRO-001
ACT-000749,SEJ-000525,ZZHB001,Hospitalisation de jour,2022-02-25,PRO-031
ACT-000750,SEJ-000527,HMER001,IRM médullaire,2022-04-11,PRO-005
ACT-000751,SEJ-000528,LLFA003,Endoscopie digestive haute,2022-10-23,PRO-010
ACT-000752,SEJ-000529,DZFA003,Pose de voie veineuse périphérique,2023-01-02,PRO-019
ACT-000753,SEJ-000531,ZZHB001,Hospitalisation de jour,2022-12-16,PRO-003
ACT-000754,SEJ-000531,JJQE002,Échocardiographie transthoracique,2022-09-01,PRO-004
ACT-000755,SEJ-000531,ZZHB001,Hospitalisation de jour,2022-10-09,PRO-032
ACT-000756,SEJ-000531,HHFA016,Scintigraphie pulmonaire,2022-08-29,PRO-008
ACT-000757,SEJ-000532,DDFA001,Thoracentèse,2023-11-19,PRO-014
ACT-000758,SEJ-000532,LLFA003,Endoscopie digestive haute,2022-05-04,PRO-018
ACT-000759,SEJ-000533,ZZHB001,Hospitalisation de jour,2022-09-20,PRO-032
ACT-000760,SEJ-000536,DDFA001,Thoracentèse,2022-11-05,PRO-022
ACT-000761,SEJ-000536,NFKA003,Réduction de fracture du fémur,2022-11-23,PRO-008
ACT-000762,SEJ-000538,DDFA001,Thoracentèse,2022-11-29,PRO-022
ACT-000763,SEJ-000538,BQFA006,Biopsie hépatique,2022-02-10,PRO-010
ACT-000764,SEJ-000538,JJQE002,Échocardiographie transthoracique,2022-10-08,PRO-005
ACT-000765,SEJ-000539,HHFA016,Scintigraphie pulmonaire,2022-08-25,PRO-013
ACT-000766,SEJ-000540,GBKQ002,Pose de sonde urinaire,2023-10-13,PRO-026
ACT-000767,SEJ-000541,HHFA016,Scintigraphie pulmonaire,2022-10-01,PRO-012
ACT-000768,SEJ-000543,LLFA003,Endoscopie digestive haute,2022-10-19,PRO-023
ACT-000769,SEJ-000545,DZFA003,Pose de voie veineuse périphérique,2023-05-25,PRO-011
ACT-000770,SEJ-000545,ZZLQ004,Prélèvement sanguin,2023-06-22,PRO-028
ACT-000771,SEJ-000545,HHFA016,Scintigraphie pulmonaire,2023-09-16,PRO-036
ACT-000772,SEJ-000546,DZFA003,Pose de voie veineuse périphérique,2023-11-13,PRO-033
ACT-000773,SEJ-000548,DZFA003,Pose de voie veineuse périphérique,2023-05-01,PRO-009
ACT-000774,SEJ-000548,ZZFA001,Consultation cardiologique,2023-06-06,PRO-002
ACT-000775,SEJ-000550,LLFA003,Endoscopie digestive haute,2022-05-14,PRO-028
ACT-000776,SEJ-000550,LLFA003,Endoscopie digestive haute,2023-08-14,PRO-034
ACT-000777,SEJ-000551,JJQE002,Échocardiographie transthoracique,2023-06-13,PRO-001
ACT-000778,SEJ-000552,ZZHB001,Hospitalisation de jour,2022-06-18,PRO-013
ACT-000779,SEJ-000552,DZFA003,Pose de voie veineuse périphérique,2023-06-02,PRO-021
ACT-000780,SEJ-000552,BQFA006,Biopsie hépatique,2022-09-21,PRO-038
ACT-000781,SEJ-000552,ZZFA001,Consultation cardiologique,2022-03-26,PRO-036
ACT-000782,SEJ-000554,BQFA006,Biopsie hépatique,2023-11-22,PRO-038
ACT-000783,SEJ-000554,DZFA003,Pose de voie veineuse périphérique,2022-12-25,PRO-024
ACT-000784,SEJ-000555,ZZHB001,Hospitalisation de jour,2023-01-09,PRO-017
ACT-000785,SEJ-000555,ZZLQ004,Prélèvement sanguin,2022-07-01,PRO-026
ACT-000786,SEJ-000556,HMER001,IRM médullaire,2023-05-06,PRO-019
ACT-000787,SEJ-000556,HMER001,IRM médullaire,2023-05-26,PRO-023
ACT-000788,SEJ-000558,HHFA016,Scintigraphie pulmonaire,2023-09-02,PRO-035
ACT-000789,SEJ-000559,JJQE002,Échocardiographie transthoracique,2023-07-02,PRO-036
ACT-000790,SEJ-000560,BQFA006,Biopsie hépatique,2022-08-12,PRO-018
ACT-000791,SEJ-000561,NFKA003,Réduction de fracture du fémur,2023-11-12,PRO-003
ACT-000792,SEJ-000561,ZZLQ004,Prélèvement sanguin,2023-07-10,PRO-008
ACT-000793,SEJ-000563,GBKQ002,Pose de sonde urinaire,2023-04-06,PRO-037
ACT-000794,SEJ-000563,LLFA003,Endoscopie digestive haute,2023-10-05,PRO-013
ACT-000795,SEJ-000564,HHFA016,Scintigraphie pulmonaire,2022-08-15,PRO-005
ACT-000796,SEJ-000565,BQFA006,Biopsie hépatique,2023-08-27,PRO-001
ACT-000797,SEJ-000567,DDFA001,Thoracentèse,2023-08-04,PRO-009
ACT-000798,SEJ-000567,HMER001,IRM médullaire,2023-12-25,PRO-023
ACT-000799,SEJ-000568,JJQE002,Échocardiographie transthoracique,2023-03-29,PRO-008
ACT-000800,SEJ-000569,BQFA006,Biopsie hépatique,2022-09-12,PRO-015
ACT-000801,SEJ-000570,DZFA003,Pose de voie veineuse périphérique,2022-09-05,PRO-025
ACT-000802,SEJ-000570,ZZLQ004,Prélèvement sanguin,2023-12-27,PRO-002
ACT-000803,SEJ-000571,NFKA003,Réduction de fracture du fémur,2022-04-23,PRO-021
ACT-000804,SEJ-000572,JJQE002,Échocardiographie transthoracique,2023-01-24,PRO-030
ACT-000805,SEJ-000572,JJQE002,Échocardiographie transthoracique,2022-07-30,PRO-010
ACT-000806,SEJ-000574,HMER001,IRM médullaire,2022-07-29,PRO-027
ACT-000807,SEJ-000574,ZZHB001,Hospitalisation de jour,2022-08-21,PRO-006
ACT-000808,SEJ-000574,LLFA003,Endoscopie digestive haute,2022-08-15,PRO-039
ACT-000809,SEJ-000576,ZZLQ004,Prélèvement sanguin,2022-05-27,PRO-036
ACT-000810,SEJ-000577,HHFA016,Scintigraphie pulmonaire,2023-03-26,PRO-011
ACT-000811,SEJ-000577,DZFA003,Pose de voie veineuse périphérique,2023-09-06,PRO-034
ACT-000812,SEJ-000577,DZFA003,Pose de voie veineuse périphérique,2023-04-05,PRO-039
ACT-000813,SEJ-000578,HHFA016,Scintigraphie pulmonaire,2023-01-16,PRO-011
ACT-000814,SEJ-000578,LLFA003,Endoscopie digestive haute,2023-12-15,PRO-035
ACT-000815,SEJ-000579,DDFA001,Thoracentèse,2023-02-14,PRO-003
ACT-000816,SEJ-000579,DZFA003,Pose de voie veineuse périphérique,2022-05-10,PRO-026
ACT-000817,SEJ-000580,HHFA016,Scintigraphie pulmonaire,2022-06-09,PRO-037
ACT-000818,SEJ-000581,GBKQ002,Pose de sonde urinaire,2022-02-13,PRO-017
ACT-000819,SEJ-000581,ZZHB001,Hospitalisation de jour,2023-11-07,PRO-021
ACT-000820,SEJ-000582,NFKA003,Réduction de fracture du fémur,2023-08-10,PRO-033
ACT-000821,SEJ-000583,NFKA003,Réduction de fracture du fémur,2023-05-03,PRO-018
ACT-000822,SEJ-000583,HHFA016,Scintigraphie pulmonaire,2022-05-09,PRO-033
ACT-000823,SEJ-000584,HMER001,IRM médullaire,2023-10-10,PRO-007
ACT-000824,SEJ-000585,DDFA001,Thoracentèse,2023-09-06,PRO-021
ACT-000825,SEJ-000586,NFKA003,Réduction de fracture du fémur,2022-05-20,PRO-007
ACT-000826,SEJ-000587,HMER001,IRM médullaire,2023-01-30,PRO-028
ACT-000827,SEJ-000588,DZFA003,Pose de voie veineuse périphérique,2023-11-03,PRO-001
ACT-000828,SEJ-000589,ZZFA001,Consultation cardiologique,2023-04-15,PRO-011
ACT-000829,SEJ-000590,HMER001,IRM médullaire,2022-05-17,PRO-036
ACT-000830,SEJ-000591,ZZHB001,Hospitalisation de jour,2023-06-06,PRO-027
ACT-000831,SEJ-000591,GBKQ002,Pose de sonde urinaire,2023-06-06,PRO-012
ACT-000832,SEJ-000591,ZZFA001,Consultation cardiologique,2022-08-08,PRO-011
ACT-000833,SEJ-000592,JJQE002,Échocardiographie transthoracique,2023-05-06,PRO-026
ACT-000834,SEJ-000592,BQFA006,Biopsie hépatique,2022-07-13,PRO-016
ACT-000835,SEJ-000594,LLFA003,Endoscopie digestive haute,2022-09-01,PRO-011
ACT-000836,SEJ-000595,HMER001,IRM médullaire,2022-03-21,PRO-029
ACT-000837,SEJ-000596,DDFA001,Thoracentèse,2022-05-08,PRO-012
ACT-000838,SEJ-000596,ZZLQ004,Prélèvement sanguin,2023-02-14,PRO-012
ACT-000839,SEJ-000596,DZFA003,Pose de voie veineuse périphérique,2022-09-03,PRO-013
ACT-000840,SEJ-000597,ZZHB001,Hospitalisation de jour,2023-10-10,PRO-022
ACT-000841,SEJ-000599,ZZLQ004,Prélèvement sanguin,2022-05-28,PRO-003
ACT-000842,SEJ-000600,ZZLQ004,Prélèvement sanguin,2022-06-23,PRO-028
ACT-000843,SEJ-000600,ZZFA001,Consultation cardiologique,2023-07-13,PRO-028
ACT-000844,SEJ-000600,LLFA003,Endoscopie digestive haute,2022-12-13,PRO-015
ACT-000845,SEJ-000600,NFKA003,Réduction de fracture du fémur,2022-03-22,PRO-005
ACT-000846,SEJ-000601,LLFA003,Endoscopie digestive haute,2022-04-30,PRO-021
ACT-000847,SEJ-000601,ZZLQ004,Prélèvement sanguin,2022-09-17,PRO-016
ACT-000848,SEJ-000601,DDFA001,Thoracentèse,2022-10-04,PRO-003
ACT-000849,SEJ-000602,LLFA003,Endoscopie digestive haute,2023-10-21,PRO-036
ACT-000850,SEJ-000603,DZFA003,Pose de voie veineuse périphérique,2022-09-15,PRO-035
ACT-000851,SEJ-000604,DDFA001,Thoracentèse,2023-05-25,PRO-025
ACT-000852,SEJ-000604,ZZLQ004,Prélèvement sanguin,2023-12-14,PRO-007
ACT-000853,SEJ-000604,GBKQ002,Pose de sonde urinaire,2023-03-08,PRO-007
ACT-000854,SEJ-000604,DDFA001,Thoracentèse,2023-04-15,PRO-016
ACT-000855,SEJ-000604,GBKQ002,Pose de sonde urinaire,2022-12-18,PRO-004
ACT-000856,SEJ-000607,ZZLQ004,Prélèvement sanguin,2022-08-04,PRO-019
ACT-000857,SEJ-000607,ZZFA001,Consultation cardiologique,2023-07-09,PRO-010
ACT-000858,SEJ-000607,HHFA016,Scintigraphie pulmonaire,2022-04-19,PRO-023
ACT-000859,SEJ-000608,ZZFA001,Consultation cardiologique,2022-08-21,PRO-022
ACT-000860,SEJ-000612,GBKQ002,Pose de sonde urinaire,2023-03-17,PRO-001
ACT-000861,SEJ-000613,HHFA016,Scintigraphie pulmonaire,2023-03-15,PRO-014
ACT-000862,SEJ-000614,DZFA003,Pose de voie veineuse périphérique,2022-06-07,PRO-032
ACT-000863,SEJ-000614,HMER001,IRM médullaire,2023-01-06,PRO-030
ACT-000864,SEJ-000615,GBKQ002,Pose de sonde urinaire,2022-12-09,PRO-004
ACT-000865,SEJ-000615,ZZFA001,Consultation cardiologique,2023-07-07,PRO-010
ACT-000866,SEJ-000615,ZZFA001,Consultation cardiologique,2023-04-08,PRO-022
ACT-000867,SEJ-000615,ZZLQ004,Prélèvement sanguin,2022-09-21,PRO-028
ACT-000868,SEJ-000615,DZFA003,Pose de voie veineuse périphérique,2023-11-07,PRO-013
ACT-000869,SEJ-000616,DDFA001,Thoracentèse,2022-07-28,PRO-013
ACT-000870,SEJ-000616,DZFA003,Pose de voie veineuse périphérique,2022-09-01,PRO-033
ACT-000871,SEJ-000617,NFKA003,Réduction de fracture du fémur,2023-04-03,PRO-038
ACT-000872,SEJ-000617,ZZHB001,Hospitalisation de jour,2022-06-14,PRO-035
ACT-000873,SEJ-000617,HMER001,IRM médullaire,2023-11-22,PRO-034
ACT-000874,SEJ-000617,HHFA016,Scintigraphie pulmonaire,2023-07-09,PRO-019
ACT-000875,SEJ-000618,BQFA006,Biopsie hépatique,2022-05-19,PRO-028
ACT-000876,SEJ-000618,ZZHB001,Hospitalisation de jour,2022-06-28,PRO-037
ACT-000877,SEJ-000618,LLFA003,Endoscopie digestive haute,2023-11-20,PRO-011
ACT-000878,SEJ-000618,ZZFA001,Consultation cardiologique,2023-07-21,PRO-023
ACT-000879,SEJ-000619,GBKQ002,Pose de sonde urinaire,2023-03-20,PRO-024
ACT-000880,SEJ-000624,DDFA001,Thoracentèse,2023-07-27,PRO-029
ACT-000881,SEJ-000625,LLFA003,Endoscopie digestive haute,2023-05-24,PRO-009
ACT-000882,SEJ-000626,ZZHB001,Hospitalisation de jour,2023-12-21,PRO-021
ACT-000883,SEJ-000626,ZZHB001,Hospitalisation de jour,2023-09-10,PRO-023
ACT-000884,SEJ-000627,BQFA006,Biopsie hépatique,2022-08-21,PRO-024
ACT-000885,SEJ-000627,LLFA003,Endoscopie digestive haute,2022-06-20,PRO-005
ACT-000886,SEJ-000627,DZFA003,Pose de voie veineuse périphérique,2023-06-26,PRO-033
ACT-000887,SEJ-000628,HMER001,IRM médullaire,2022-05-29,PRO-034
ACT-000888,SEJ-000628,ZZLQ004,Prélèvement sanguin,2023-07-25,PRO-017
ACT-000889,SEJ-000628,ZZLQ004,Prélèvement sanguin,2022-08-15,PRO-024
ACT-000890,SEJ-000628,HHFA016,Scintigraphie pulmonaire,2022-06-13,PRO-009
ACT-000891,SEJ-000629,ZZHB001,Hospitalisation de jour,2022-12-08,PRO-009
ACT-000892,SEJ-000629,JJQE002,Échocardiographie transthoracique,2023-02-24,PRO-011
ACT-000893,SEJ-000630,DDFA001,Thoracentèse,2022-07-02,PRO-019
ACT-000894,SEJ-000631,BQFA006,Biopsie hépatique,2022-10-14,PRO-008
ACT-000895,SEJ-000632,ZZLQ004,Prélèvement sanguin,2022-02-25,PRO-029
ACT-000896,SEJ-000632,DDFA001,Thoracentèse,2022-09-15,PRO-017
ACT-000897,SEJ-000633,ZZLQ004,Prélèvement sanguin,2023-05-30,PRO-018
ACT-000898,SEJ-000633,ZZFA001,Consultation cardiologique,2023-05-16,PRO-037
ACT-000899,SEJ-000633,ZZLQ004,Prélèvement sanguin,2023-04-01,PRO-026
ACT-000900,SEJ-000634,ZZFA001,Consultation cardiologique,2022-07-31,PRO-035
ACT-000901,SEJ-000635,DDFA001,Thoracentèse,2022-11-15,PRO-023
ACT-000902,SEJ-000635,ZZFA001,Consultation cardiologique,2023-06-22,PRO-009
ACT-000903,SEJ-000636,ZZLQ004,Prélèvement sanguin,2022-06-03,PRO-010
ACT-000904,SEJ-000639,DZFA003,Pose de voie veineuse périphérique,2023-09-15,PRO-027
ACT-000905,SEJ-000640,NFKA003,Réduction de fracture du fémur,2022-08-03,PRO-007
ACT-000906,SEJ-000640,NFKA003,Réduction de fracture du fémur,2022-03-08,PRO-012
ACT-000907,SEJ-000640,GBKQ002,Pose de sonde urinaire,2022-09-21,PRO-020
ACT-000908,SEJ-000640,ZZLQ004,Prélèvement sanguin,2022-12-14,PRO-039
ACT-000909,SEJ-000640,JJQE002,Échocardiographie transthoracique,2022-05-05,PRO-006
ACT-000910,SEJ-000641,JJQE002,Échocardiographie transthoracique,2023-01-31,PRO-031
ACT-000911,SEJ-000642,BQFA006,Biopsie hépatique,2023-12-30,PRO-017
ACT-000912,SEJ-000642,ZZLQ004,Prélèvement sanguin,2022-10-20,PRO-022
ACT-000913,SEJ-000643,LLFA003,Endoscopie digestive haute,2023-03-15,PRO-003
ACT-000914,SEJ-000644,HMER001,IRM médullaire,2023-04-05,PRO-026
ACT-000915,SEJ-000646,ZZLQ004,Prélèvement sanguin,2023-05-11,PRO-034
ACT-000916,SEJ-000646,BQFA006,Biopsie hépatique,2022-10-10,PRO-036
ACT-000917,SEJ-000650,ZZFA001,Consultation cardiologique,2022-03-29,PRO-012
ACT-000918,SEJ-000650,ZZHB001,Hospitalisation de jour,2022-05-05,PRO-036
ACT-000919,SEJ-000651,LLFA003,Endoscopie digestive haute,2023-08-14,PRO-004
ACT-000920,SEJ-000653,HMER001,IRM médullaire,2022-02-25,PRO-008
ACT-000921,SEJ-000653,DDFA001,Thoracentèse,2022-05-01,PRO-030
ACT-000922,SEJ-000653,HHFA016,Scintigraphie pulmonaire,2023-12-17,PRO-017
ACT-000923,SEJ-000653,ZZLQ004,Prélèvement sanguin,2022-05-06,PRO-037
ACT-000924,SEJ-000653,HMER001,IRM médullaire,2023-09-15,PRO-032
ACT-000925,SEJ-000654,ZZHB001,Hospitalisation de jour,2023-11-21,PRO-035
ACT-000926,SEJ-000655,JJQE002,Échocardiographie transthoracique,2023-06-01,PRO-017
ACT-000927,SEJ-000655,ZZFA001,Consultation cardiologique,2023-11-02,PRO-036
ACT-000928,SEJ-000655,ZZLQ004,Prélèvement sanguin,2022-02-14,PRO-015
ACT-000929,SEJ-000656,JJQE002,Échocardiographie transthoracique,2022-08-27,PRO-001
ACT-000930,SEJ-000656,BQFA006,Biopsie hépatique,2023-01-14,PRO-012
ACT-000931,SEJ-000656,GBKQ002,Pose de sonde urinaire,2023-08-12,PRO-011
ACT-000932,SEJ-000657,HHFA016,Scintigraphie pulmonaire,2023-12-22,PRO-037
ACT-000933,SEJ-000657,HHFA016,Scintigraphie pulmonaire,2022-07-12,PRO-002
ACT-000934,SEJ-000657,HMER001,IRM médullaire,2022-04-12,PRO-037
ACT-000935,SEJ-000657,JJQE002,Échocardiographie transthoracique,2022-04-17,PRO-012
ACT-000936,SEJ-000657,HMER001,IRM médullaire,2022-02-04,PRO-021
ACT-000937,SEJ-000658,BQFA006,Biopsie hépatique,2022-04-29,PRO-012
ACT-000938,SEJ-000658,DZFA003,Pose de voie veineuse périphérique,2022-06-22,PRO-035
ACT-000939,SEJ-000659,ZZHB001,Hospitalisation de jour,2022-10-08,PRO-010
ACT-000940,SEJ-000660,NFKA003,Réduction de fracture du fémur,2023-12-18,PRO-028
ACT-000941,SEJ-000661,DZFA003,Pose de voie veineuse périphérique,2023-07-20,PRO-013
ACT-000942,SEJ-000661,JJQE002,Échocardiographie transthoracique,2023-06-17,PRO-004
ACT-000943,SEJ-000663,DDFA001,Thoracentèse,2023-03-25,PRO-031
ACT-000944,SEJ-000664,LLFA003,Endoscopie digestive haute,2022-08-30,PRO-037
ACT-000945,SEJ-000665,HMER001,IRM médullaire,2022-10-18,PRO-020
ACT-000946,SEJ-000666,ZZHB001,Hospitalisation de jour,2023-02-08,PRO-012
ACT-000947,SEJ-000666,NFKA003,Réduction de fracture du fémur,2022-12-26,PRO-006
ACT-000948,SEJ-000666,JJQE002,Échocardiographie transthoracique,2023-10-08,PRO-007
ACT-000949,SEJ-000667,HMER001,IRM médullaire,2022-12-24,PRO-005
ACT-000950,SEJ-000667,NFKA003,Réduction de fracture du fémur,2023-09-27,PRO-012
ACT-000951,SEJ-000668,HMER001,IRM médullaire,2023-12-04,PRO-006
ACT-000952,SEJ-000668,ZZLQ004,Prélèvement sanguin,2022-06-28,PRO-013
ACT-000953,SEJ-000669,LLFA003,Endoscopie digestive haute,2022-09-24,PRO-012
ACT-000954,SEJ-000670,HMER001,IRM médullaire,2023-02-28,PRO-019
ACT-000955,SEJ-000672,ZZLQ004,Prélèvement sanguin,2023-09-03,PRO-019
ACT-000956,SEJ-000672,ZZHB001,Hospitalisation de jour,2023-04-02,PRO-015
ACT-000957,SEJ-000673,HHFA016,Scintigraphie pulmonaire,2023-02-04,PRO-010
ACT-000958,SEJ-000673,JJQE002,Échocardiographie transthoracique,2022-08-12,PRO-034
ACT-000959,SEJ-000674,HMER001,IRM médullaire,2023-11-11,PRO-032
ACT-000960,SEJ-000674,BQFA006,Biopsie hépatique,2023-08-21,PRO-036
ACT-000961,SEJ-000675,JJQE002,Échocardiographie transthoracique,2022-12-25,PRO-029
ACT-000962,SEJ-000675,HHFA016,Scintigraphie pulmonaire,2022-03-03,PRO-013
ACT-000963,SEJ-000675,BQFA006,Biopsie hépatique,2022-07-22,PRO-017
ACT-000964,SEJ-000675,ZZFA001,Consultation cardiologique,2023-05-04,PRO-030
ACT-000965,SEJ-000677,ZZHB001,Hospitalisation de jour,2022-06-24,PRO-005
ACT-000966,SEJ-000679,JJQE002,Échocardiographie transthoracique,2023-04-11,PRO-011
ACT-000967,SEJ-000681,ZZHB001,Hospitalisation de jour,2022-05-17,PRO-020
ACT-000968,SEJ-000681,HMER001,IRM médullaire,2023-10-02,PRO-029
ACT-000969,SEJ-000681,HHFA016,Scintigraphie pulmonaire,2022-06-27,PRO-005
ACT-000970,SEJ-000681,DDFA001,Thoracentèse,2022-11-19,PRO-018
ACT-000971,SEJ-000681,HHFA016,Scintigraphie pulmonaire,2023-06-26,PRO-031
ACT-000972,SEJ-000682,JJQE002,Échocardiographie transthoracique,2023-11-21,PRO-021
ACT-000973,SEJ-000683,NFKA003,Réduction de fracture du fémur,2023-12-09,PRO-024
ACT-000974,SEJ-000683,DZFA003,Pose de voie veineuse périphérique,2023-09-22,PRO-003
ACT-000975,SEJ-000685,HHFA016,Scintigraphie pulmonaire,2023-09-30,PRO-020
ACT-000976,SEJ-000685,NFKA003,Réduction de fracture du fémur,2023-07-08,PRO-030
ACT-000977,SEJ-000686,ZZLQ004,Prélèvement sanguin,2022-10-20,PRO-003
ACT-000978,SEJ-000686,JJQE002,Échocardiographie transthoracique,2023-02-26,PRO-028
ACT-000979,SEJ-000686,DDFA001,Thoracentèse,2023-09-08,PRO-029
ACT-000980,SEJ-000687,DDFA001,Thoracentèse,2022-02-14,PRO-004
ACT-000981,SEJ-000687,GBKQ002,Pose de sonde urinaire,2022-07-11,PRO-002
ACT-000982,SEJ-000688,DZFA003,Pose de voie veineuse périphérique,2023-02-01,PRO-002
ACT-000983,SEJ-000689,JJQE002,Échocardiographie transthoracique,2023-03-30,PRO-035
ACT-000984,SEJ-000690,ZZLQ004,Prélèvement sanguin,2023-10-23,PRO-038
ACT-000985,SEJ-000690,LLFA003,Endoscopie digestive haute,2023-06-15,PRO-036
ACT-000986,SEJ-000690,JJQE002,Échocardiographie transthoracique,2022-05-24,PRO-001
ACT-000987,SEJ-000693,DDFA001,Thoracentèse,2022-08-30,PRO-016
ACT-000988,SEJ-000693,JJQE002,Échocardiographie transthoracique,2023-07-19,PRO-013
ACT-000989,SEJ-000693,JJQE002,Échocardiographie transthoracique,2022-08-10,PRO-009
ACT-000990,SEJ-000693,ZZFA001,Consultation cardiologique,2023-08-26,PRO-028
ACT-000991,SEJ-000694,LLFA003,Endoscopie digestive haute,2022-11-12,PRO-035
ACT-000992,SEJ-000695,NFKA003,Réduction de fracture du fémur,2023-01-05,PRO-034
ACT-000993,SEJ-000695,ZZLQ004,Prélèvement sanguin,2022-12-17,PRO-036
ACT-000994,SEJ-000696,DZFA003,Pose de voie veineuse périphérique,2022-12-06,PRO-010
ACT-000995,SEJ-000697,BQFA006,Biopsie hépatique,2023-06-07,PRO-018
ACT-000996,SEJ-000698,DDFA001,Thoracentèse,2022-03-18,PRO-017
ACT-000997,SEJ-000700,ZZHB001,Hospitalisation de jour,2023-04-01,PRO-011
ACT-000998,SEJ-000701,ZZLQ004,Prélèvement sanguin,2023-11-24,PRO-023
ACT-000999,SEJ-000702,HHFA016,Scintigraphie pulmonaire,2023-10-07,PRO-021
ACT-001000,SEJ-000702,HMER001,IRM médullaire,2023-05-15,PRO-021
ACT-001001,SEJ-000703,DDFA001,Thoracentèse,2022-02-05,PRO-021
ACT-001002,SEJ-000703,LLFA003,Endoscopie digestive haute,2022-11-14,PRO-020
ACT-001003,SEJ-000703,HHFA016,Scintigraphie pulmonaire,2023-05-15,PRO-031
ACT-001004,SEJ-000704,JJQE002,Échocardiographie transthoracique,2023-12-27,PRO-010
ACT-001005,SEJ-000704,NFKA003,Réduction de fracture du fémur,2022-03-29,PRO-037
ACT-001006,SEJ-000704,LLFA003,Endoscopie digestive haute,2022-05-10,PRO-001
ACT-001007,SEJ-000704,ZZHB001,Hospitalisation de jour,2022-02-26,PRO-016
ACT-001008,SEJ-000705,JJQE002,Échocardiographie transthoracique,2022-11-25,PRO-028
ACT-001009,SEJ-000705,ZZLQ004,Prélèvement sanguin,2023-09-09,PRO-028
ACT-001010,SEJ-000705,NFKA003,Réduction de fracture du fémur,2022-03-11,PRO-034
ACT-001011,SEJ-000707,NFKA003,Réduction de fracture du fémur,2022-07-19,PRO-029
ACT-001012,SEJ-000709,NFKA003,Réduction de fracture du fémur,2022-08-10,PRO-004
ACT-001013,SEJ-000709,ZZHB001,Hospitalisation de jour,2022-05-23,PRO-032
ACT-001014,SEJ-000710,JJQE002,Échocardiographie transthoracique,2023-12-10,PRO-014
ACT-001015,SEJ-000710,JJQE002,Échocardiographie transthoracique,2022-10-14,PRO-025
ACT-001016,SEJ-000710,ZZHB001,Hospitalisation de jour,2023-06-23,PRO-032
ACT-001017,SEJ-000711,ZZLQ004,Prélèvement sanguin,2022-06-10,PRO-012
ACT-001018,SEJ-000712,ZZHB001,Hospitalisation de jour,2023-01-03,PRO-011
ACT-001019,SEJ-000713,ZZFA001,Consultation cardiologique,2023-07-16,PRO-009
ACT-001020,SEJ-000713,DZFA003,Pose de voie veineuse périphérique,2022-08-12,PRO-001
ACT-001021,SEJ-000714,ZZLQ004,Prélèvement sanguin,2022-04-04,PRO-004
ACT-001022,SEJ-000719,DDFA001,Thoracentèse,2023-11-24,PRO-019
ACT-001023,SEJ-000719,GBKQ002,Pose de sonde urinaire,2022-04-12,PRO-003
ACT-001024,SEJ-000719,JJQE002,Échocardiographie transthoracique,2022-06-05,PRO-009
ACT-001025,SEJ-000720,DDFA001,Thoracentèse,2023-07-23,PRO-035
ACT-001026,SEJ-000720,NFKA003,Réduction de fracture du fémur,2022-12-16,PRO-004
ACT-001027,SEJ-000721,HMER001,IRM médullaire,2022-11-03,PRO-015
ACT-001028,SEJ-000722,NFKA003,Réduction de fracture du fémur,2022-05-06,PRO-036
ACT-001029,SEJ-000725,GBKQ002,Pose de sonde urinaire,2022-10-04,PRO-004
ACT-001030,SEJ-000726,HHFA016,Scintigraphie pulmonaire,2023-07-12,PRO-010
ACT-001031,SEJ-000728,HHFA016,Scintigraphie pulmonaire,2023-09-14,PRO-008
ACT-001032,SEJ-000728,GBKQ002,Pose de sonde urinaire,2022-04-17,PRO-028
ACT-001033,SEJ-000729,NFKA003,Réduction de fracture du fémur,2022-08-11,PRO-022
ACT-001034,SEJ-000731,GBKQ002,Pose de sonde urinaire,2022-09-09,PRO-003
ACT-001035,SEJ-000731,NFKA003,Réduction de fracture du fémur,2023-06-11,PRO-030
ACT-001036,SEJ-000732,ZZFA001,Consultation cardiologique,2022-08-29,PRO-003
ACT-001037,SEJ-000734,BQFA006,Biopsie hépatique,2022-02-10,PRO-026
ACT-001038,SEJ-000734,ZZLQ004,Prélèvement sanguin,2023-04-27,PRO-030
ACT-001039,SEJ-000734,ZZLQ004,Prélèvement sanguin,2022-09-07,PRO-002
ACT-001040,SEJ-000735,DZFA003,Pose de voie veineuse périphérique,2023-04-04,PRO-032
ACT-001041,SEJ-000735,DZFA003,Pose de voie veineuse périphérique,2023-12-28,PRO-018
ACT-001042,SEJ-000736,JJQE002,Échocardiographie transthoracique,2023-04-10,PRO-019
ACT-001043,SEJ-000737,JJQE002,Échocardiographie transthoracique,2022-10-28,PRO-006
ACT-001044,SEJ-000737,NFKA003,Réduction de fracture du fémur,2023-06-06,PRO-002
ACT-001045,SEJ-000737,HMER001,IRM médullaire,2023-04-21,PRO-018
ACT-001046,SEJ-000738,HMER001,IRM médullaire,2023-03-27,PRO-002
ACT-001047,SEJ-000739,ZZFA001,Consultation cardiologique,2023-11-05,PRO-003
ACT-001048,SEJ-000740,HHFA016,Scintigraphie pulmonaire,2023-03-22,PRO-024
ACT-001049,SEJ-000741,DZFA003,Pose de voie veineuse périphérique,2023-03-04,PRO-034
ACT-001050,SEJ-000742,DZFA003,Pose de voie veineuse périphérique,2023-03-29,PRO-005
ACT-001051,SEJ-000742,BQFA006,Biopsie hépatique,2022-05-16,PRO-002
ACT-001052,SEJ-000743,GBKQ002,Pose de sonde urinaire,2022-07-05,PRO-035
ACT-001053,SEJ-000745,GBKQ002,Pose de sonde urinaire,2022-12-14,PRO-022
ACT-001054,SEJ-000747,DZFA003,Pose de voie veineuse périphérique,2023-10-25,PRO-013
ACT-001055,SEJ-000747,DDFA001,Thoracentèse,2023-09-10,PRO-025
ACT-001056,SEJ-000747,HHFA016,Scintigraphie pulmonaire,2022-05-24,PRO-025
ACT-001057,SEJ-000747,HHFA016,Scintigraphie pulmonaire,2022-06-03,PRO-007
ACT-001058,SEJ-000747,LLFA003,Endoscopie digestive haute,2023-07-28,PRO-018
ACT-001059,SEJ-000748,HHFA016,Scintigraphie pulmonaire,2023-09-07,PRO-005
ACT-001060,SEJ-000749,LLFA003,Endoscopie digestive haute,2022-02-25,PRO-025
ACT-001061,SEJ-000751,ZZHB001,Hospitalisation de jour,2023-08-06,PRO-008
ACT-001062,SEJ-000751,DDFA001,Thoracentèse,2023-08-17,PRO-027
ACT-001063,SEJ-000751,GBKQ002,Pose de sonde urinaire,2023-08-23,PRO-036
ACT-001064,SEJ-000752,NFKA003,Réduction de fracture du fémur,2023-05-20,PRO-027
ACT-001065,SEJ-000752,LLFA003,Endoscopie digestive haute,2023-12-02,PRO-014
ACT-001066,SEJ-000752,HHFA016,Scintigraphie pulmonaire,2022-06-11,PRO-005
ACT-001067,SEJ-000752,GBKQ002,Pose de sonde urinaire,2023-11-29,PRO-010
ACT-001068,SEJ-000752,ZZFA001,Consultation cardiologique,2022-04-19,PRO-023
ACT-001069,SEJ-000753,NFKA003,Réduction de fracture du fémur,2023-03-02,PRO-039
ACT-001070,SEJ-000753,ZZFA001,Consultation cardiologique,2022-10-05,PRO-007
ACT-001071,SEJ-000755,DDFA001,Thoracentèse,2023-02-05,PRO-026
ACT-001072,SEJ-000756,HMER001,IRM médullaire,2023-06-19,PRO-031
ACT-001073,SEJ-000756,ZZFA001,Consultation cardiologique,2023-06-02,PRO-006
ACT-001074,SEJ-000757,ZZHB001,Hospitalisation de jour,2023-03-18,PRO-021
ACT-001075,SEJ-000758,ZZHB001,Hospitalisation de jour,2023-07-21,PRO-028
ACT-001076,SEJ-000760,GBKQ002,Pose de sonde urinaire,2023-10-22,PRO-018
ACT-001077,SEJ-000761,DDFA001,Thoracentèse,2022-02-05,PRO-031
ACT-001078,SEJ-000761,JJQE002,Échocardiographie transthoracique,2022-07-10,PRO-007
ACT-001079,SEJ-000762,ZZHB001,Hospitalisation de jour,2022-02-13,PRO-032
ACT-001080,SEJ-000762,BQFA006,Biopsie hépatique,2022-04-03,PRO-024
ACT-001081,SEJ-000762,GBKQ002,Pose de sonde urinaire,2022-02-11,PRO-010
ACT-001082,SEJ-000762,HHFA016,Scintigraphie pulmonaire,2023-10-27,PRO-028
ACT-001083,SEJ-000763,ZZFA001,Consultation cardiologique,2023-05-17,PRO-015
ACT-001084,SEJ-000763,NFKA003,Réduction de fracture du fémur,2022-06-26,PRO-003
ACT-001085,SEJ-000763,ZZLQ004,Prélèvement sanguin,2022-06-08,PRO-020
ACT-001086,SEJ-000763,ZZLQ004,Prélèvement sanguin,2023-02-25,PRO-024
ACT-001087,SEJ-000764,DDFA001,Thoracentèse,2023-03-12,PRO-019
ACT-001088,SEJ-000765,HHFA016,Scintigraphie pulmonaire,2022-03-22,PRO-012
ACT-001089,SEJ-000765,HMER001,IRM médullaire,2023-12-18,PRO-004
ACT-001090,SEJ-000766,HMER001,IRM médullaire,2023-05-01,PRO-009
ACT-001091,SEJ-000767,ZZFA001,Consultation cardiologique,2023-07-03,PRO-005
ACT-001092,SEJ-000767,GBKQ002,Pose de sonde urinaire,2022-08-31,PRO-027
ACT-001093,SEJ-000767,ZZLQ004,Prélèvement sanguin,2022-09-26,PRO-006
ACT-001094,SEJ-000768,ZZHB001,Hospitalisation de jour,2023-06-07,PRO-038
ACT-001095,SEJ-000768,HHFA016,Scintigraphie pulmonaire,2022-05-21,PRO-033
ACT-001096,SEJ-000768,DDFA001,Thoracentèse,2022-02-26,PRO-027
ACT-001097,SEJ-000768,DDFA001,Thoracentèse,2023-07-08,PRO-015
ACT-001098,SEJ-000769,GBKQ002,Pose de sonde urinaire,2023-03-03,PRO-028
ACT-001099,SEJ-000769,ZZFA001,Consultation cardiologique,2022-11-10,PRO-016
ACT-001100,SEJ-000770,DDFA001,Thoracentèse,2022-10-15,PRO-010
ACT-001101,SEJ-000772,ZZLQ004,Prélèvement sanguin,2023-11-27,PRO-024
ACT-001102,SEJ-000772,ZZLQ004,Prélèvement sanguin,2023-04-19,PRO-019
ACT-001103,SEJ-000772,NFKA003,Réduction de fracture du fémur,2023-04-28,PRO-023
ACT-001104,SEJ-000772,HHFA016,Scintigraphie pulmonaire,2023-11-25,PRO-027
ACT-001105,SEJ-000772,LLFA003,Endoscopie digestive haute,2023-07-31,PRO-030
ACT-001106,SEJ-000774,BQFA006,Biopsie hépatique,2022-11-23,PRO-014
ACT-001107,SEJ-000774,ZZHB001,Hospitalisation de jour,2023-08-30,PRO-005
ACT-001108,SEJ-000776,GBKQ002,Pose de sonde urinaire,2022-10-18,PRO-012
ACT-001109,SEJ-000776,LLFA003,Endoscopie digestive haute,2023-01-29,PRO-018
ACT-001110,SEJ-000778,LLFA003,Endoscopie digestive haute,2022-02-03,PRO-007
ACT-001111,SEJ-000780,JJQE002,Échocardiographie transthoracique,2022-12-19,PRO-016
ACT-001112,SEJ-000781,GBKQ002,Pose de sonde urinaire,2023-07-10,PRO-006
ACT-001113,SEJ-000781,DDFA001,Thoracentèse,2022-11-11,PRO-019
ACT-001114,SEJ-000784,ZZHB001,Hospitalisation de jour,2022-06-21,PRO-028
ACT-001115,SEJ-000785,HMER001,IRM médullaire,2023-04-21,PRO-024
ACT-001116,SEJ-000785,LLFA003,Endoscopie digestive haute,2023-10-06,PRO-016
ACT-001117,SEJ-000786,ZZHB001,Hospitalisation de jour,2023-07-21,PRO-023
ACT-001118,SEJ-000787,DDFA001,Thoracentèse,2022-06-21,PRO-033
ACT-001119,SEJ-000787,JJQE002,Échocardiographie transthoracique,2022-05-01,PRO-027
ACT-001120,SEJ-000788,LLFA003,Endoscopie digestive haute,2022-04-30,PRO-001
ACT-001121,SEJ-000788,LLFA003,Endoscopie digestive haute,2022-12-06,PRO-013
ACT-001122,SEJ-000788,LLFA003,Endoscopie digestive haute,2022-08-27,PRO-012
ACT-001123,SEJ-000790,HHFA016,Scintigraphie pulmonaire,2022-02-02,PRO-034
ACT-001124,SEJ-000790,HHFA016,Scintigraphie pulmonaire,2022-10-24,PRO-011
ACT-001125,SEJ-000791,JJQE002,Échocardiographie transthoracique,2022-09-01,PRO-025
ACT-001126,SEJ-000791,LLFA003,Endoscopie digestive haute,2023-12-31,PRO-014
ACT-001127,SEJ-000792,ZZFA001,Consultation cardiologique,2023-01-31,PRO-037
ACT-001128,SEJ-000793,BQFA006,Biopsie hépatique,2022-07-28,PRO-008
ACT-001129,SEJ-000793,ZZFA001,Consultation cardiologique,2022-08-13,PRO-004
ACT-001130,SEJ-000793,LLFA003,Endoscopie digestive haute,2023-07-07,PRO-029
ACT-001131,SEJ-000794,GBKQ002,Pose de sonde urinaire,2022-03-08,PRO-036
ACT-001132,SEJ-000795,DZFA003,Pose de voie veineuse périphérique,2023-06-05,PRO-019
ACT-001133,SEJ-000795,DDFA001,Thoracentèse,2023-02-11,PRO-023
ACT-001134,SEJ-000795,DZFA003,Pose de voie veineuse périphérique,2023-06-21,PRO-006
ACT-001135,SEJ-000796,ZZLQ004,Prélèvement sanguin,2022-06-10,PRO-029
ACT-001136,SEJ-000796,ZZLQ004,Prélèvement sanguin,2022-02-04,PRO-026
ACT-001137,SEJ-000797,NFKA003,Réduction de fracture du fémur,2022-06-24,PRO-006
ACT-001138,SEJ-000797,ZZFA001,Consultation cardiologique,2023-10-19,PRO-022
ACT-001139,SEJ-000797,JJQE002,Échocardiographie transthoracique,2023-01-13,PRO-028
ACT-001140,SEJ-000797,LLFA003,Endoscopie digestive haute,2023-06-28,PRO-014
ACT-001141,SEJ-000798,NFKA003,Réduction de fracture du fémur,2022-07-29,PRO-012
ACT-001142,SEJ-000798,HHFA016,Scintigraphie pulmonaire,2023-12-14,PRO-029
ACT-001143,SEJ-000799,ZZHB001,Hospitalisation de jour,2023-04-10,PRO-001
ACT-001144,SEJ-000800,DDFA001,Thoracentèse,2023-11-30,PRO-010
ACT-001145,SEJ-000800,BQFA006,Biopsie hépatique,2023-08-11,PRO-012
ACT-001146,SEJ-000800,DZFA003,Pose de voie veineuse périphérique,2023-05-15,PRO-029
ACT-001147,SEJ-000801,ZZHB001,Hospitalisation de jour,2023-02-17,PRO-038
ACT-001148,SEJ-000802,BQFA006,Biopsie hépatique,2023-07-24,PRO-029
ACT-001149,SEJ-000803,JJQE002,Échocardiographie transthoracique,2022-03-18,PRO-007
ACT-001150,SEJ-000803,JJQE002,Échocardiographie transthoracique,2023-01-16,PRO-038
ACT-001151,SEJ-000803,ZZLQ004,Prélèvement sanguin,2023-01-13,PRO-005
ACT-001152,SEJ-000803,BQFA006,Biopsie hépatique,2022-03-20,PRO-025
ACT-001153,SEJ-000803,ZZFA001,Consultation cardiologique,2023-10-25,PRO-029
ACT-001154,SEJ-000805,LLFA003,Endoscopie digestive haute,2023-11-10,PRO-012
ACT-001155,SEJ-000805,DDFA001,Thoracentèse,2022-03-12,PRO-024
ACT-001156,SEJ-000806,NFKA003,Réduction de fracture du fémur,2023-12-01,PRO-034
ACT-001157,SEJ-000807,ZZLQ004,Prélèvement sanguin,2023-07-07,PRO-019
ACT-001158,SEJ-000808,DDFA001,Thoracentèse,2022-11-13,PRO-011
ACT-001159,SEJ-000808,DDFA001,Thoracentèse,2023-09-16,PRO-008
ACT-001160,SEJ-000810,ZZFA001,Consultation cardiologique,2022-11-23,PRO-021
ACT-001161,SEJ-000810,DZFA003,Pose de voie veineuse périphérique,2023-06-11,PRO-004
ACT-001162,SEJ-000812,ZZFA001,Consultation cardiologique,2023-03-25,PRO-029
ACT-001163,SEJ-000813,ZZFA001,Consultation cardiologique,2023-12-21,PRO-003
ACT-001164,SEJ-000813,HMER001,IRM médullaire,2023-10-21,PRO-032
ACT-001165,SEJ-000815,GBKQ002,Pose de sonde urinaire,2023-03-01,PRO-031
ACT-001166,SEJ-000816,DDFA001,Thoracentèse,2022-06-02,PRO-028
ACT-001167,SEJ-000816,ZZLQ004,Prélèvement sanguin,2023-09-27,PRO-037
ACT-001168,SEJ-000816,DZFA003,Pose de voie veineuse périphérique,2022-05-03,PRO-019
ACT-001169,SEJ-000817,BQFA006,Biopsie hépatique,2022-09-12,PRO-019
ACT-001170,SEJ-000819,JJQE002,Échocardiographie transthoracique,2023-07-05,PRO-002
ACT-001171,SEJ-000820,HMER001,IRM médullaire,2022-02-25,PRO-009
ACT-001172,SEJ-000820,LLFA003,Endoscopie digestive haute,2023-05-13,PRO-014
ACT-001173,SEJ-000822,LLFA003,Endoscopie digestive haute,2022-03-01,PRO-037
ACT-001174,SEJ-000822,JJQE002,Échocardiographie transthoracique,2022-04-21,PRO-010
ACT-001175,SEJ-000822,HHFA016,Scintigraphie pulmonaire,2022-07-26,PRO-005
ACT-001176,SEJ-000822,JJQE002,Échocardiographie transthoracique,2023-03-21,PRO-023
ACT-001177,SEJ-000825,DDFA001,Thoracentèse,2023-08-21,PRO-035
ACT-001178,SEJ-000827,HHFA016,Scintigraphie pulmonaire,2023-10-19,PRO-001
ACT-001179,SEJ-000827,NFKA003,Réduction de fracture du fémur,2023-08-30,PRO-007
ACT-001180,SEJ-000827,ZZHB001,Hospitalisation de jour,2022-08-19,PRO-009
ACT-001181,SEJ-000827,ZZHB001,Hospitalisation de jour,2022-02-21,PRO-017
ACT-001182,SEJ-000827,HHFA016,Scintigraphie pulmonaire,2022-09-26,PRO-006
ACT-001183,SEJ-000828,ZZHB001,Hospitalisation de jour,2022-03-16,PRO-021
ACT-001184,SEJ-000828,DZFA003,Pose de voie veineuse périphérique,2023-07-01,PRO-006
ACT-001185,SEJ-000829,LLFA003,Endoscopie digestive haute,2022-10-06,PRO-006
ACT-001186,SEJ-000829,JJQE002,Échocardiographie transthoracique,2022-04-11,PRO-002
ACT-001187,SEJ-000831,HMER001,IRM médullaire,2022-05-30,PRO-016
ACT-001188,SEJ-000832,HHFA016,Scintigraphie pulmonaire,2023-03-17,PRO-031
ACT-001189,SEJ-000832,NFKA003,Réduction de fracture du fémur,2022-11-26,PRO-015
ACT-001190,SEJ-000833,ZZLQ004,Prélèvement sanguin,2023-01-19,PRO-026
ACT-001191,SEJ-000834,NFKA003,Réduction de fracture du fémur,2023-08-02,PRO-021
ACT-001192,SEJ-000835,DZFA003,Pose de voie veineuse périphérique,2023-12-18,PRO-006
ACT-001193,SEJ-000835,DZFA003,Pose de voie veineuse périphérique,2023-12-29,PRO-008
ACT-001194,SEJ-000836,LLFA003,Endoscopie digestive haute,2023-10-03,PRO-009
ACT-001195,SEJ-000836,LLFA003,Endoscopie digestive haute,2022-03-12,PRO-008
ACT-001196,SEJ-000836,LLFA003,Endoscopie digestive haute,2023-11-21,PRO-020
ACT-001197,SEJ-000836,ZZHB001,Hospitalisation de jour,2023-05-09,PRO-032
ACT-001198,SEJ-000836,DZFA003,Pose de voie veineuse périphérique,2022-03-24,PRO-025
ACT-001199,SEJ-000837,ZZLQ004,Prélèvement sanguin,2023-08-26,PRO-018
ACT-001200,SEJ-000837,ZZLQ004,Prélèvement sanguin,2022-12-10,PRO-014
ACT-001201,SEJ-000838,HHFA016,Scintigraphie pulmonaire,2022-10-11,PRO-036
ACT-001202,SEJ-000840,NFKA003,Réduction de fracture du fémur,2023-12-22,PRO-015
ACT-001203,SEJ-000840,NFKA003,Réduction de fracture du fémur,2023-02-04,PRO-026
ACT-001204,SEJ-000840,LLFA003,Endoscopie digestive haute,2024-01-01,PRO-012
ACT-001205,SEJ-000840,DZFA003,Pose de voie veineuse périphérique,2023-04-07,PRO-002
ACT-001206,SEJ-000842,NFKA003,Réduction de fracture du fémur,2023-03-30,PRO-011
ACT-001207,SEJ-000842,JJQE002,Échocardiographie transthoracique,2023-05-09,PRO-014
ACT-001208,SEJ-000842,BQFA006,Biopsie hépatique,2022-07-01,PRO-005
ACT-001209,SEJ-000843,LLFA003,Endoscopie digestive haute,2023-05-21,PRO-036
ACT-001210,SEJ-000845,DZFA003,Pose de voie veineuse périphérique,2022-11-08,PRO-032
ACT-001211,SEJ-000845,DDFA001,Thoracentèse,2023-12-14,PRO-024
ACT-001212,SEJ-000847,ZZFA001,Consultation cardiologique,2023-12-16,PRO-012
ACT-001213,SEJ-000847,ZZLQ004,Prélèvement sanguin,2022-04-02,PRO-033
ACT-001214,SEJ-000847,ZZLQ004,Prélèvement sanguin,2023-04-11,PRO-029
ACT-001215,SEJ-000847,NFKA003,Réduction de fracture du fémur,2022-04-21,PRO-029
ACT-001216,SEJ-000847,NFKA003,Réduction de fracture du fémur,2022-07-08,PRO-035
ACT-001217,SEJ-000848,DZFA003,Pose de voie veineuse périphérique,2023-09-28,PRO-033
ACT-001218,SEJ-000849,BQFA006,Biopsie hépatique,2022-06-21,PRO-018
ACT-001219,SEJ-000849,DDFA001,Thoracentèse,2023-11-18,PRO-006
ACT-001220,SEJ-000851,NFKA003,Réduction de fracture du fémur,2023-08-08,PRO-009
ACT-001221,SEJ-000852,NFKA003,Réduction de fracture du fémur,2022-10-02,PRO-017
ACT-001222,SEJ-000853,BQFA006,Biopsie hépatique,2023-02-18,PRO-003
ACT-001223,SEJ-000853,DZFA003,Pose de voie veineuse périphérique,2022-07-29,PRO-018
ACT-001224,SEJ-000856,DDFA001,Thoracentèse,2022-03-01,PRO-034
ACT-001225,SEJ-000857,GBKQ002,Pose de sonde urinaire,2022-09-05,PRO-016
ACT-001226,SEJ-000857,LLFA003,Endoscopie digestive haute,2022-02-14,PRO-011
ACT-001227,SEJ-000857,ZZFA001,Consultation cardiologique,2022-08-21,PRO-023
ACT-001228,SEJ-000858,BQFA006,Biopsie hépatique,2022-12-23,PRO-032
ACT-001229,SEJ-000862,GBKQ002,Pose de sonde urinaire,2023-06-12,PRO-031
ACT-001230,SEJ-000862,HMER001,IRM médullaire,2022-02-16,PRO-037
ACT-001231,SEJ-000863,HMER001,IRM médullaire,2023-07-09,PRO-011
ACT-001232,SEJ-000863,ZZLQ004,Prélèvement sanguin,2023-03-28,PRO-027
ACT-001233,SEJ-000864,ZZHB001,Hospitalisation de jour,2023-02-23,PRO-002
ACT-001234,SEJ-000866,GBKQ002,Pose de sonde urinaire,2023-12-04,PRO-039
ACT-001235,SEJ-000866,GBKQ002,Pose de sonde urinaire,2022-03-14,PRO-001
ACT-001236,SEJ-000866,GBKQ002,Pose de sonde urinaire,2023-07-19,PRO-011
ACT-001237,SEJ-000867,NFKA003,Réduction de fracture du fémur,2023-07-18,PRO-031
ACT-001238,SEJ-000868,ZZLQ004,Prélèvement sanguin,2023-10-26,PRO-022
ACT-001239,SEJ-000869,ZZHB001,Hospitalisation de jour,2023-06-29,PRO-020
ACT-001240,SEJ-000869,GBKQ002,Pose de sonde urinaire,2023-10-27,PRO-003
ACT-001241,SEJ-000869,BQFA006,Biopsie hépatique,2022-08-31,PRO-017
ACT-001242,SEJ-000869,HMER001,IRM médullaire,2022-11-07,PRO-011
ACT-001243,SEJ-000870,DDFA001,Thoracentèse,2023-10-05,PRO-031
ACT-001244,SEJ-000870,ZZFA001,Consultation cardiologique,2022-06-13,PRO-025
ACT-001245,SEJ-000870,LLFA003,Endoscopie digestive haute,2023-01-13,PRO-006
ACT-001246,SEJ-000870,DDFA001,Thoracentèse,2023-04-15,PRO-031
ACT-001247,SEJ-000870,ZZHB001,Hospitalisation de jour,2022-03-30,PRO-036
ACT-001248,SEJ-000872,DDFA001,Thoracentèse,2022-03-29,PRO-034
ACT-001249,SEJ-000873,GBKQ002,Pose de sonde urinaire,2022-05-15,PRO-015
ACT-001250,SEJ-000873,DDFA001,Thoracentèse,2022-06-13,PRO-035
ACT-001251,SEJ-000876,ZZFA001,Consultation cardiologique,2022-06-22,PRO-027
ACT-001252,SEJ-000876,HMER001,IRM médullaire,2022-04-01,PRO-004
ACT-001253,SEJ-000876,ZZLQ004,Prélèvement sanguin,2022-08-14,PRO-029
ACT-001254,SEJ-000876,ZZHB001,Hospitalisation de jour,2023-11-09,PRO-031
