EvenementID,PatientID,TypeEvenement,DateEvenement,DureeJours,CodeEtablissement
EVT-000001,PAT-00001,Consultation,2022-11-06,,ETAB-3
EVT-000002,PAT-00004,Hospitalisation,2022-06-20,8,ETAB-4
EVT-000003,PAT-00008,Hospitalisation,2021-10-27,9,ETAB-4
EVT-000004,PAT-00008,Hospitalisation,2021-11-24,9,ETAB-2
EVT-000005,PAT-00008,Hospitalisation,2022-10-05,6,ETAB-4
EVT-000006,PAT-00009,Hospitalisation,2021-12-15,9,ETAB-4
EVT-000007,PAT-00011,Consultation,2023-05-11,,ETAB-2
EVT-000008,PAT-00012,Consultation,2022-04-09,,ETAB-4
EVT-000009,PAT-00013,Urgence,2023-03-06,11,ETAB-5
EVT-000010,PAT-00014,Consultation,2022-01-25,,ETAB-3
EVT-000011,PAT-00015,Hospitalisation,2022-02-05,8,ETAB-2
EVT-000012,PAT-00015,Consultation,2021-09-27,,ETAB-1
EVT-000013,PAT-00015,Urgence,2021-03-05,9,ETAB-1
EVT-000014,PAT-00016,Hospitalisation,2021-07-15,1,ETAB-4
EVT-000015,PAT-00018,Consultation,2022-01-12,,ETAB-5
EVT-000016,PAT-00018,Consultation,2022-08-20,,ETAB-2
EVT-000017,PAT-00019,Consultation,2022-09-09,,ETAB-2
EVT-000018,PAT-00021,Consultation,2022-10-09,,ETAB-2
EVT-000019,PAT-00022,Consultation,2021-03-21,,ETAB-2
EVT-000020,PAT-00025,Consultation,2023-04-24,,ETAB-1
EVT-000021,PAT-00025,Consultation,2022-12-01,,ETAB-4
EVT-000022,PAT-00025,Consultation,2023-05-12,,ETAB-2
EVT-000023,PAT-00025,Consultation,2023-02-20,,ETAB-1
EVT-000024,PAT-00025,Consultation,2021-03-27,,ETAB-3
EVT-000025,PAT-00029,Consultation,2022-10-02,,ETAB-3
EVT-000026,PAT-00029,Consultation,2023-02-04,,ETAB-3
EVT-000027,PAT-00029,Urgence,2023-05-29,7,ETAB-4
EVT-000028,PAT-00030,Hospitalisation,2022-11-27,2,ETAB-4
EVT-000029,PAT-00031,Hospitalisation,2023-05-13,2,ETAB-3
EVT-000030,PAT-00032,Consultation,2023-05-26,,ETAB-5
EVT-000031,PAT-00033,Urgence,2021-01-01,7,ETAB-4
EVT-000032,PAT-00034,Consultation,2021-06-05,,ETAB-5
EVT-000033,PAT-00035,Consultation,2023-06-09,,ETAB-2
EVT-000034,PAT-00035,Consultation,2021-12-24,,ETAB-3
EVT-000035,PAT-00035,Consultation,2023-04-08,,ETAB-4
EVT-000036,PAT-00036,Consultation,2023-03-14,,ETAB-4
EVT-000037,PAT-00036,Consultation,2021-08-01,,ETAB-1
EVT-000038,PAT-00037,Hospitalisation,2022-01-11,6,ETAB-5
EVT-000039,PAT-00038,Urgence,2023-06-16,2,ETAB-1
EVT-000040,PAT-00038,Hospitalisation,2021-08-09,6,ETAB-3
EVT-000041,PAT-00039,Urgence,2021-04-25,11,ETAB-3
EVT-000042,PAT-00039,Consultation,2021-06-07,,ETAB-5
EVT-000043,PAT-00042,Consultation,2021-03-12,,ETAB-5
EVT-000044,PAT-00043,Hospitalisation,2022-11-13,6,ETAB-1
EVT-000045,PAT-00045,Hospitalisation,2021-08-25,8,ETAB-5
EVT-000046,PAT-00045,Consultation,2021-04-26,,ETAB-5
EVT-000047,PAT-00046,Consultation,2021-12-09,,ETAB-5
EVT-000048,PAT-00046,Consultation,2021-06-27,,ETAB-3
EVT-000049,PAT-00047,Consultation,2022-02-05,,ETAB-5
EVT-000050,PAT-00047,Consultation,2022-12-30,,ETAB-4
EVT-000051,PAT-00048,Urgence,2021-02-10,5,ETAB-4
EVT-000052,PAT-00051,Hospitalisation,2021-07-07,2,ETAB-5
EVT-000053,PAT-00053,Hospitalisation,2021-08-08,3,ETAB-2
EVT-000054,PAT-00053,Urgence,2022-05-19,3,ETAB-2
EVT-000055,PAT-00053,Hospitalisation,2021-12-14,5,ETAB-4
EVT-000056,PAT-00053,Consultation,2023-06-08,,ETAB-5
EVT-000057,PAT-00054,Hospitalisation,2023-03-24,3,ETAB-4
EVT-000058,PAT-00054,Urgence,2022-05-06,7,ETAB-2
EVT-000059,PAT-00054,Hospitalisation,2022-11-19,5,ETAB-5
EVT-000060,PAT-00056,Consultation,2022-09-01,,ETAB-3
EVT-000061,PAT-00056,Consultation,2021-04-14,,ETAB-4
EVT-000062,PAT-00057,Urgence,2021-07-04,11,ETAB-2
EVT-000063,PAT-00057,Consultation,2021-08-24,,ETAB-1
EVT-000064,PAT-00058,Urgence,2021-11-01,10,ETAB-4
EVT-000065,PAT-00059,Hospitalisation,2023-02-15,2,ETAB-3
EVT-000066,PAT-00059,Urgence,2023-01-09,11,ETAB-2
EVT-000067,PAT-00059,Consultation,2021-10-26,,ETAB-1
EVT-000068,PAT-00059,Hospitalisation,2021-05-06,11,ETAB-5
EVT-000069,PAT-00060,Hospitalisation,2023-04-21,8,ETAB-2
EVT-000070,PAT-00060,Consultation,2021-04-11,,ETAB-4
EVT-000071,PAT-00061,Consultation,2023-06-25,,ETAB-2
EVT-000072,PAT-00061,Consultation,2021-06-02,,ETAB-2
EVT-000073,PAT-00061,Hospitalisation,2021-03-08,6,ETAB-2
EVT-000074,PAT-00063,Hospitalisation,2022-11-29,7,ETAB-2
EVT-000075,PAT-00063,Consultation,2022-06-01,,ETAB-3
EVT-000076,PAT-00064,Consultation,2023-05-01,,ETAB-2
EVT-000077,PAT-00064,Hospitalisation,2022-10-28,10,ETAB-2
EVT-000078,PAT-00066,Urgence,2022-11-12,9,ETAB-5
EVT-000079,PAT-00066,Urgence,2022-03-06,1,ETAB-3
EVT-000080,PAT-00067,Hospitalisation,2022-01-01,5,ETAB-5
EVT-000081,PAT-00069,Consultation,2022-01-13,,ETAB-5
EVT-000082,PAT-00069,Hospitalisation,2021-01-03,8,ETAB-1
EVT-000083,PAT-00070,Urgence,2022-11-16,4,ETAB-5
EVT-000084,PAT-00071,Hospitalisation,2021-10-08,2,ETAB-5
EVT-000085,PAT-00071,Urgence,2023-04-17,3,ETAB-1
EVT-000086,PAT-00071,Urgence,2022-01-26,10,ETAB-5
EVT-000087,PAT-00071,Urgence,2021-02-27,1,ETAB-4
EVT-000088,PAT-00072,Consultation,2022-03-09,,ETAB-5
EVT-000089,PAT-00072,Hospitalisation,2022-08-06,11,ETAB-1
EVT-000090,PAT-00074,Urgence,2022-10-30,6,ETAB-1
EVT-000091,PAT-00075,Consultation,2022-04-10,,ETAB-2
EVT-000092,PAT-00077,Hospitalisation,2022-04-24,7,ETAB-4
EVT-000093,PAT-00077,Consultation,2021-04-16,,ETAB-4
EVT-000094,PAT-00078,Consultation,2022-03-18,,ETAB-3
EVT-000095,PAT-00079,Consultation,2021-11-01,,ETAB-2
EVT-000096,PAT-00082,Consultation,2022-01-08,,ETAB-2
EVT-000097,PAT-00082,Urgence,2022-05-31,5,ETAB-2
EVT-000098,PAT-00084,Urgence,2022-09-01,2,ETAB-1
EVT-000099,PAT-00084,Urgence,2022-10-01,5,ETAB-3
EVT-000100,PAT-00085,Hospitalisation,2022-06-20,1,ETAB-3
EVT-000101,PAT-00085,Consultation,2023-01-22,,ETAB-5
EVT-000102,PAT-00085,Hospitalisation,2022-10-11,10,ETAB-5
EVT-000103,PAT-00085,Consultation,2022-09-17,,ETAB-1
EVT-000104,PAT-00086,Consultation,2023-05-09,,ETAB-3
EVT-000105,PAT-00087,Hospitalisation,2023-02-06,6,ETAB-4
EVT-000106,PAT-00088,Consultation,2022-06-24,,ETAB-1
EVT-000107,PAT-00088,Hospitalisation,2023-03-14,1,ETAB-3
EVT-000108,PAT-00088,Consultation,2022-12-15,,ETAB-4
EVT-000109,PAT-00089,Consultation,2021-10-08,,ETAB-1
EVT-000110,PAT-00089,Urgence,2023-02-25,4,ETAB-4
EVT-000111,PAT-00090,Consultation,2023-05-08,,ETAB-1
EVT-000112,PAT-00092,Consultation,2023-03-24,,ETAB-3
EVT-000113,PAT-00093,Urgence,2021-12-21,8,ETAB-1
EVT-000114,PAT-00093,Urgence,2021-11-25,6,ETAB-2
EVT-000115,PAT-00093,Consultation,2022-01-15,,ETAB-3
EVT-000116,PAT-00093,Hospitalisation,2021-09-15,5,ETAB-2
EVT-000117,PAT-00094,Consultation,2021-01-18,,ETAB-5
EVT-000118,PAT-00095,Consultation,2022-10-07,,ETAB-1
EVT-000119,PAT-00095,Hospitalisation,2023-04-28,10,ETAB-3
EVT-000120,PAT-00095,Consultation,2022-07-05,,ETAB-4
EVT-000121,PAT-00095,Hospitalisation,2023-04-13,6,ETAB-1
EVT-000122,PAT-00098,Urgence,2021-08-07,7,ETAB-2
EVT-000123,PAT-00099,Consultation,2021-12-25,,ETAB-5
EVT-000124,PAT-00099,Urgence,2023-04-26,3,ETAB-1
EVT-000125,PAT-00101,Hospitalisation,2023-01-29,1,ETAB-5
EVT-000126,PAT-00101,Consultation,2022-11-13,,ETAB-4
EVT-000127,PAT-00103,Hospitalisation,2023-05-14,3,ETAB-4
EVT-000128,PAT-00103,Hospitalisation,2021-06-16,2,ETAB-3
EVT-000129,PAT-00104,Urgence,2022-11-10,1,ETAB-5
EVT-000130,PAT-00105,Consultation,2021-05-13,,ETAB-3
EVT-000131,PAT-00105,Consultation,2022-11-02,,ETAB-3
EVT-000132,PAT-00105,Consultation,2021-10-05,,ETAB-2
EVT-000133,PAT-00105,Hospitalisation,2023-03-01,2,ETAB-2
EVT-000134,PAT-00106,Urgence,2022-09-24,3,ETAB-4
EVT-000135,PAT-00107,Hospitalisation,2021-08-25,4,ETAB-4
EVT-000136,PAT-00107,Hospitalisation,2022-06-16,2,ETAB-2
EVT-000137,PAT-00107,Urgence,2021-01-02,6,ETAB-5
EVT-000138,PAT-00107,Urgence,2021-05-08,3,ETAB-3
EVT-000139,PAT-00108,Consultation,2022-02-20,,ETAB-2
EVT-000140,PAT-00108,Consultation,2022-08-24,,ETAB-1
EVT-000141,PAT-00109,Urgence,2021-02-16,3,ETAB-2
EVT-000142,PAT-00110,Consultation,2021-08-25,,ETAB-5
EVT-000143,PAT-00110,Hospitalisation,2022-10-26,2,ETAB-4
EVT-000144,PAT-00112,Consultation,2023-05-02,,ETAB-4
EVT-000145,PAT-00112,Consultation,2021-06-28,,ETAB-4
EVT-000146,PAT-00114,Consultation,2022-04-08,,ETAB-4
EVT-000147,PAT-00118,Hospitalisation,2023-06-20,3,ETAB-1
EVT-000148,PAT-00120,Urgence,2022-08-10,4,ETAB-2
EVT-000149,PAT-00121,Urgence,2021-07-09,2,ETAB-1
EVT-000150,PAT-00122,Hospitalisation,2021-09-11,11,ETAB-5
EVT-000151,PAT-00124,Consultation,2021-03-02,,ETAB-1
EVT-000152,PAT-00124,Consultation,2021-06-15,,ETAB-2
EVT-000153,PAT-00125,Consultation,2022-12-08,,ETAB-4
EVT-000154,PAT-00126,Consultation,2021-08-13,,ETAB-4
EVT-000155,PAT-00127,Hospitalisation,2023-01-21,9,ETAB-3
EVT-000156,PAT-00129,Hospitalisation,2021-11-23,6,ETAB-1
EVT-000157,PAT-00132,Hospitalisation,2021-02-05,7,ETAB-1
EVT-000158,PAT-00133,Consultation,2022-10-14,,ETAB-2
EVT-000159,PAT-00136,Consultation,2022-11-15,,ETAB-1
EVT-000160,PAT-00137,Urgence,2021-07-23,1,ETAB-3
EVT-000161,PAT-00137,Urgence,2022-03-14,11,ETAB-4
EVT-000162,PAT-00137,Hospitalisation,2022-05-05,9,ETAB-2
EVT-000163,PAT-00138,Consultation,2021-06-04,,ETAB-4
EVT-000164,PAT-00139,Consultation,2022-05-12,,ETAB-4
EVT-000165,PAT-00139,Consultation,2022-01-12,,ETAB-5
EVT-000166,PAT-00143,Hospitalisation,2022-08-29,9,ETAB-5
EVT-000167,PAT-00144,Hospitalisation,2023-06-01,5,ETAB-3
EVT-000168,PAT-00144,Consultation,2022-09-07,,ETAB-4
EVT-000169,PAT-00144,Hospitalisation,2022-02-13,2,ETAB-4
EVT-000170,PAT-00145,Hospitalisation,2023-05-23,2,ETAB-2
EVT-000171,PAT-00146,Consultation,2021-10-26,,ETAB-5
EVT-000172,PAT-00147,Urgence,2022-03-11,10,ETAB-3
EVT-000173,PAT-00147,Hospitalisation,2022-01-08,7,ETAB-1
EVT-000174,PAT-00147,Hospitalisation,2021-04-27,2,ETAB-5
EVT-000175,PAT-00148,Consultation,2023-04-08,,ETAB-2
EVT-000176,PAT-00149,Consultation,2022-12-23,,ETAB-2
EVT-000177,PAT-00149,Consultation,2021-12-16,,ETAB-4
EVT-000178,PAT-00149,Urgence,2022-08-06,9,ETAB-4
EVT-000179,PAT-00149,Consultation,2023-03-09,,ETAB-1
EVT-000180,PAT-00149,Consultation,2021-06-12,,ETAB-4
EVT-000181,PAT-00152,Consultation,2022-10-28,,ETAB-5
EVT-000182,PAT-00155,Consultation,2023-06-08,,ETAB-1
EVT-000183,PAT-00155,Urgence,2021-05-17,3,ETAB-1
EVT-000184,PAT-00155,Urgence,2022-05-13,7,ETAB-1
EVT-000185,PAT-00156,Hospitalisation,2021-12-19,11,ETAB-5
EVT-000186,PAT-00156,Urgence,2021-03-03,6,ETAB-3
EVT-000187,PAT-00158,Hospitalisation,2022-12-06,5,ETAB-1
EVT-000188,PAT-00158,Urgence,2023-03-12,1,ETAB-4
EVT-000189,PAT-00160,Urgence,2021-05-20,8,ETAB-1
EVT-000190,PAT-00160,Urgence,2022-12-08,6,ETAB-1
EVT-000191,PAT-00161,Urgence,2021-04-19,7,ETAB-2
EVT-000192,PAT-00161,Urgence,2021-10-18,10,ETAB-1
EVT-000193,PAT-00162,Consultation,2021-08-06,,ETAB-5
EVT-000194,PAT-00162,Consultation,2022-02-08,,ETAB-3
EVT-000195,PAT-00164,Urgence,2021-08-29,8,ETAB-3
EVT-000196,PAT-00165,Consultation,2021-01-07,,ETAB-1
EVT-000197,PAT-00165,Urgence,2022-03-04,4,ETAB-2
EVT-000198,PAT-00166,Hospitalisation,2021-05-09,9,ETAB-3
EVT-000199,PAT-00166,Consultation,2023-05-23,,ETAB-5
EVT-000200,PAT-00168,Hospitalisation,2021-03-04,3,ETAB-4
EVT-000201,PAT-00169,Consultation,2022-02-13,,ETAB-3
EVT-000202,PAT-00170,Consultation,2022-03-09,,ETAB-1
EVT-000203,PAT-00171,Consultation,2021-08-10,,ETAB-5
EVT-000204,PAT-00171,Consultation,2022-05-23,,ETAB-2
EVT-000205,PAT-00173,Consultation,2021-12-22,,ETAB-5
EVT-000206,PAT-00173,Hospitalisation,2021-09-29,10,ETAB-4
EVT-000207,PAT-00174,Consultation,2022-04-30,,ETAB-1
EVT-000208,PAT-00175,Hospitalisation,2023-06-08,1,ETAB-1
EVT-000209,PAT-00175,Urgence,2023-03-14,11,ETAB-1
EVT-000210,PAT-00175,Hospitalisation,2021-11-29,1,ETAB-3
EVT-000211,PAT-00176,Urgence,2021-01-28,8,ETAB-1
EVT-000212,PAT-00176,Consultation,2021-04-18,,ETAB-5
EVT-000213,PAT-00176,Consultation,2021-01-30,,ETAB-3
EVT-000214,PAT-00176,Urgence,2022-09-15,1,ETAB-5
EVT-000215,PAT-00176,Hospitalisation,2023-06-06,2,ETAB-5
EVT-000216,PAT-00177,Consultation,2023-04-07,,ETAB-3
EVT-000217,PAT-00177,Consultation,2022-04-22,,ETAB-3
EVT-000218,PAT-00177,Consultation,2023-01-23,,ETAB-5
EVT-000219,PAT-00179,Consultation,2022-05-26,,ETAB-1
EVT-000220,PAT-00179,Urgence,2021-02-10,10,ETAB-1
EVT-000221,PAT-00179,Hospitalisation,2021-11-29,8,ETAB-4
EVT-000222,PAT-00182,Urgence,2023-04-17,6,ETAB-4
EVT-000223,PAT-00183,Consultation,2023-02-19,,ETAB-3
EVT-000224,PAT-00183,Urgence,2022-12-18,11,ETAB-2
EVT-000225,PAT-00183,Consultation,2021-11-23,,ETAB-1
EVT-000226,PAT-00184,Hospitalisation,2021-10-20,8,ETAB-4
EVT-000227,PAT-00185,Consultation,2022-09-19,,ETAB-4
EVT-000228,PAT-00186,Hospitalisation,2021-07-08,1,ETAB-5
EVT-000229,PAT-00188,Urgence,2021-04-30,1,ETAB-5
EVT-000230,PAT-00188,Hospitalisation,2022-06-30,3,ETAB-5
EVT-000231,PAT-00189,Urgence,2022-03-14,6,ETAB-2
EVT-000232,PAT-00189,Consultation,2022-10-26,,ETAB-4
EVT-000233,PAT-00191,Urgence,2022-03-08,1,ETAB-3
EVT-000234,PAT-00191,Consultation,2021-05-22,,ETAB-1
EVT-000235,PAT-00192,Consultation,2023-05-23,,ETAB-3
EVT-000236,PAT-00192,Hospitalisation,2022-07-10,5,ETAB-2
EVT-000237,PAT-00192,Consultation,2021-03-27,,ETAB-1
EVT-000238,PAT-00192,Urgence,2022-06-19,9,ETAB-1
EVT-000239,PAT-00193,Hospitalisation,2022-02-01,1,ETAB-1
EVT-000240,PAT-00193,Hospitalisation,2022-09-08,11,ETAB-3
EVT-000241,PAT-00194,Urgence,2021-04-13,1,ETAB-1
EVT-000242,PAT-00195,Consultation,2022-02-25,,ETAB-2
EVT-000243,PAT-00195,Hospitalisation,2021-07-29,3,ETAB-3
EVT-000244,PAT-00196,Urgence,2021-12-28,11,ETAB-4
EVT-000245,PAT-00196,Hospitalisation,2021-05-28,8,ETAB-2
EVT-000246,PAT-00197,Hospitalisation,2023-04-02,11,ETAB-5
EVT-000247,PAT-00198,Urgence,2021-04-01,7,ETAB-3
EVT-000248,PAT-00198,Consultation,2022-11-17,,ETAB-1
EVT-000249,PAT-00199,Hospitalisation,2022-04-19,11,ETAB-4
EVT-000250,PAT-00199,Urgence,2021-05-13,3,ETAB-2
EVT-000251,PAT-00199,Hospitalisation,2021-09-25,7,ETAB-4
EVT-000252,PAT-00200,Urgence,2021-01-27,6,ETAB-4
EVT-000253,PAT-00201,Consultation,2023-05-11,,ETAB-5
EVT-000254,PAT-00204,Consultation,2021-10-26,,ETAB-1
EVT-000255,PAT-00204,Consultation,2021-02-14,,ETAB-2
EVT-000256,PAT-00204,Consultation,2023-06-27,,ETAB-1
EVT-000257,PAT-00205,Consultation,2022-06-28,,ETAB-4
EVT-000258,PAT-00208,Hospitalisation,2021-08-19,11,ETAB-2
EVT-000259,PAT-00208,Urgence,2022-03-05,11,ETAB-2
EVT-000260,PAT-00208,Consultation,2023-01-25,,ETAB-2
EVT-000261,PAT-00209,Urgence,2023-03-31,3,ETAB-2
EVT-000262,PAT-00209,Urgence,2023-06-16,5,ETAB-3
EVT-000263,PAT-00209,Consultation,2023-02-13,,ETAB-1
EVT-000264,PAT-00210,Consultation,2023-04-06,,ETAB-2
EVT-000265,PAT-00211,Consultation,2021-02-10,,ETAB-5
EVT-000266,PAT-00211,Consultation,2021-02-12,,ETAB-3
EVT-000267,PAT-00212,Urgence,2021-04-04,4,ETAB-4
EVT-000268,PAT-00212,Urgence,2022-01-04,10,ETAB-1
EVT-000269,PAT-00212,Urgence,2023-02-28,1,ETAB-5
EVT-000270,PAT-00215,Consultation,2021-12-02,,ETAB-4
EVT-000271,PAT-00216,Urgence,2023-02-07,7,ETAB-5
EVT-000272,PAT-00217,Urgence,2021-08-20,11,ETAB-3
EVT-000273,PAT-00218,Consultation,2021-03-28,,ETAB-1
EVT-000274,PAT-00218,Hospitalisation,2021-05-04,9,ETAB-2
EVT-000275,PAT-00219,Hospitalisation,2021-02-16,8,ETAB-5
EVT-000276,PAT-00221,Urgence,2022-05-14,7,ETAB-1
EVT-000277,PAT-00221,Urgence,2021-02-18,7,ETAB-5
EVT-000278,PAT-00222,Urgence,2021-12-30,1,ETAB-2
EVT-000279,PAT-00224,Consultation,2021-10-10,,ETAB-5
EVT-000280,PAT-00224,Consultation,2022-08-14,,ETAB-3
EVT-000281,PAT-00226,Hospitalisation,2022-10-01,7,ETAB-3
EVT-000282,PAT-00226,Consultation,2022-12-03,,ETAB-5
EVT-000283,PAT-00228,Consultation,2021-06-08,,ETAB-1
EVT-000284,PAT-00228,Hospitalisation,2022-02-27,4,ETAB-2
EVT-000285,PAT-00229,Consultation,2023-01-15,,ETAB-3
EVT-000286,PAT-00229,Hospitalisation,2021-01-12,4,ETAB-4
EVT-000287,PAT-00230,Consultation,2022-09-02,,ETAB-2
EVT-000288,PAT-00231,Urgence,2022-10-08,7,ETAB-2
EVT-000289,PAT-00231,Urgence,2021-04-26,7,ETAB-2
EVT-000290,PAT-00231,Consultation,2021-11-08,,ETAB-4
EVT-000291,PAT-00231,Urgence,2021-08-13,7,ETAB-5
EVT-000292,PAT-00232,Consultation,2021-02-20,,ETAB-3
EVT-000293,PAT-00232,Urgence,2021-07-04,1,ETAB-2
EVT-000294,PAT-00232,Consultation,2021-05-06,,ETAB-4
EVT-000295,PAT-00233,Hospitalisation,2022-06-18,8,ETAB-3
EVT-000296,PAT-00233,Consultation,2022-05-21,,ETAB-5
EVT-000297,PAT-00234,Urgence,2023-05-13,4,ETAB-3
EVT-000298,PAT-00235,Urgence,2022-04-25,8,ETAB-2
EVT-000299,PAT-00236,Consultation,2022-08-31,,ETAB-2
EVT-000300,PAT-00239,Hospitalisation,2021-05-24,5,ETAB-5
EVT-000301,PAT-00239,Hospitalisation,2021-07-03,10,ETAB-4
EVT-000302,PAT-00243,Consultation,2023-05-30,,ETAB-3
EVT-000303,PAT-00243,Consultation,2022-08-04,,ETAB-2
EVT-000304,PAT-00243,Consultation,2021-08-18,,ETAB-5
EVT-000305,PAT-00244,Hospitalisation,2021-05-27,8,ETAB-4
EVT-000306,PAT-00244,Hospitalisation,2023-06-09,1,ETAB-3
EVT-000307,PAT-00244,Consultation,2022-08-03,,ETAB-2
EVT-000308,PAT-00244,Consultation,2021-07-08,,ETAB-5
EVT-000309,PAT-00244,Consultation,2022-06-04,,ETAB-3
EVT-000310,PAT-00245,Urgence,2022-02-01,2,ETAB-2
EVT-000311,PAT-00246,Urgence,2021-10-05,11,ETAB-1
EVT-000312,PAT-00246,Consultation,2022-07-26,,ETAB-5
EVT-000313,PAT-00248,Consultation,2021-08-27,,ETAB-1
EVT-000314,PAT-00249,Consultation,2021-08-03,,ETAB-2
EVT-000315,PAT-00249,Hospitalisation,2023-06-17,8,ETAB-5
EVT-000316,PAT-00249,Urgence,2022-04-22,11,ETAB-1
EVT-000317,PAT-00249,Hospitalisation,2022-09-06,7,ETAB-5
EVT-000318,PAT-00254,Consultation,2022-09-07,,ETAB-4
EVT-000319,PAT-00256,Consultation,2021-03-10,,ETAB-1
EVT-000320,PAT-00256,Hospitalisation,2022-08-19,7,ETAB-2
EVT-000321,PAT-00260,Hospitalisation,2023-01-21,5,ETAB-5
EVT-000322,PAT-00261,Hospitalisation,2022-10-22,9,ETAB-3
EVT-000323,PAT-00261,Consultation,2022-08-03,,ETAB-1
EVT-000324,PAT-00262,Urgence,2022-10-24,7,ETAB-3
EVT-000325,PAT-00264,Consultation,2022-04-07,,ETAB-1
EVT-000326,PAT-00265,Hospitalisation,2022-02-03,6,ETAB-1
EVT-000327,PAT-00265,Hospitalisation,2022-06-26,1,ETAB-5
EVT-000328,PAT-00265,Hospitalisation,2022-10-29,8,ETAB-2
EVT-000329,PAT-00265,Consultation,2022-12-16,,ETAB-5
EVT-000330,PAT-00266,Consultation,2022-08-25,,ETAB-5
EVT-000331,PAT-00267,Consultation,2021-01-23,,ETAB-4
EVT-000332,PAT-00268,Consultation,2021-05-13,,ETAB-5
EVT-000333,PAT-00268,Hospitalisation,2023-02-25,10,ETAB-4
EVT-000334,PAT-00269,Urgence,2023-02-13,6,ETAB-5
EVT-000335,PAT-00270,Urgence,2021-02-13,9,ETAB-4
EVT-000336,PAT-00270,Urgence,2021-11-25,11,ETAB-2
EVT-000337,PAT-00271,Consultation,2023-05-29,,ETAB-4
EVT-000338,PAT-00272,Urgence,2021-04-10,2,ETAB-3
EVT-000339,PAT-00272,Consultation,2022-01-03,,ETAB-1
EVT-000340,PAT-00272,Urgence,2021-01-26,5,ETAB-5
EVT-000341,PAT-00272,Hospitalisation,2021-05-09,11,ETAB-5
EVT-000342,PAT-00272,Consultation,2023-02-25,,ETAB-1
EVT-000343,PAT-00276,Urgence,2021-05-20,4,ETAB-2
EVT-000344,PAT-00278,Hospitalisation,2022-11-19,7,ETAB-5
EVT-000345,PAT-00279,Hospitalisation,2022-03-20,3,ETAB-2
EVT-000346,PAT-00279,Hospitalisation,2023-02-10,1,ETAB-1
EVT-000347,PAT-00279,Consultation,2023-06-19,,ETAB-1
EVT-000348,PAT-00279,Urgence,2022-07-06,6,ETAB-5
EVT-000349,PAT-00281,Consultation,2021-06-10,,ETAB-5
EVT-000350,PAT-00281,Hospitalisation,2022-06-21,8,ETAB-1
EVT-000351,PAT-00282,Urgence,2021-12-16,2,ETAB-3
EVT-000352,PAT-00283,Consultation,2023-03-23,,ETAB-2
EVT-000353,PAT-00283,Hospitalisation,2022-07-04,4,ETAB-4
EVT-000354,PAT-00283,Consultation,2022-04-23,,ETAB-3
EVT-000355,PAT-00283,Hospitalisation,2021-08-11,6,ETAB-5
EVT-000356,PAT-00283,Hospitalisation,2022-11-02,11,ETAB-2
EVT-000357,PAT-00284,Consultation,2022-09-24,,ETAB-3
EVT-000358,PAT-00285,Consultation,2021-04-08,,ETAB-1
EVT-000359,PAT-00285,Hospitalisation,2022-08-22,10,ETAB-4
EVT-000360,PAT-00286,Consultation,2021-07-23,,ETAB-1
EVT-000361,PAT-00289,Hospitalisation,2021-02-10,6,ETAB-3
EVT-000362,PAT-00293,Consultation,2022-09-21,,ETAB-1
EVT-000363,PAT-00293,Hospitalisation,2022-02-06,4,ETAB-4
EVT-000364,PAT-00296,Hospitalisation,2021-12-30,2,ETAB-5
EVT-000365,PAT-00297,Hospitalisation,2023-04-08,5,ETAB-3
EVT-000366,PAT-00297,Urgence,2022-04-14,3,ETAB-4
EVT-000367,PAT-00297,Hospitalisation,2022-10-09,11,ETAB-4
EVT-000368,PAT-00300,Hospitalisation,2022-08-05,6,ETAB-2
EVT-000369,PAT-00300,Urgence,2023-01-30,6,ETAB-2
EVT-000370,PAT-00302,Hospitalisation,2021-04-07,6,ETAB-1
EVT-000371,PAT-00303,Hospitalisation,2022-04-01,4,ETAB-1
EVT-000372,PAT-00303,Consultation,2021-02-22,,ETAB-5
EVT-000373,PAT-00304,Consultation,2021-02-10,,ETAB-3
EVT-000374,PAT-00305,Urgence,2023-01-24,8,ETAB-5
EVT-000375,PAT-00305,Hospitalisation,2021-11-18,11,ETAB-2
EVT-000376,PAT-00306,Hospitalisation,2023-02-28,3,ETAB-4
EVT-000377,PAT-00308,Consultation,2022-05-10,,ETAB-5
EVT-000378,PAT-00308,Consultation,2022-12-26,,ETAB-5
EVT-000379,PAT-00309,Consultation,2022-04-02,,ETAB-4
EVT-000380,PAT-00309,Consultation,2022-05-14,,ETAB-3
EVT-000381,PAT-00310,Consultation,2023-03-22,,ETAB-2
EVT-000382,PAT-00310,Urgence,2021-10-05,3,ETAB-2
EVT-000383,PAT-00312,Urgence,2021-02-07,7,ETAB-1
EVT-000384,PAT-00313,Consultation,2022-04-08,,ETAB-1
EVT-000385,PAT-00314,Hospitalisation,2023-03-10,2,ETAB-2
EVT-000386,PAT-00316,Consultation,2022-06-06,,ETAB-3
EVT-000387,PAT-00316,Hospitalisation,2023-01-16,4,ETAB-4
EVT-000388,PAT-00317,Consultation,2023-01-12,,ETAB-2
EVT-000389,PAT-00318,Hospitalisation,2022-02-11,2,ETAB-2
EVT-000390,PAT-00318,Urgence,2022-02-14,7,ETAB-1
EVT-000391,PAT-00322,Consultation,2021-11-03,,ETAB-4
EVT-000392,PAT-00323,Hospitalisation,2021-04-25,8,ETAB-3
EVT-000393,PAT-00324,Consultation,2023-05-23,,ETAB-2
EVT-000394,PAT-00325,Hospitalisation,2021-11-12,7,ETAB-2
EVT-000395,PAT-00325,Hospitalisation,2021-11-20,11,ETAB-3
EVT-000396,PAT-00327,Consultation,2021-07-04,,ETAB-3
EVT-000397,PAT-00329,Urgence,2022-10-22,1,ETAB-1
EVT-000398,PAT-00332,Consultation,2021-06-04,,ETAB-3
EVT-000399,PAT-00334,Consultation,2021-05-28,,ETAB-5
EVT-000400,PAT-00335,Consultation,2023-05-08,,ETAB-5
EVT-000401,PAT-00335,Consultation,2022-07-21,,ETAB-4
EVT-000402,PAT-00335,Urgence,2021-01-14,6,ETAB-2
EVT-000403,PAT-00336,Urgence,2022-08-03,6,ETAB-2
EVT-000404,PAT-00337,Hospitalisation,2022-09-21,5,ETAB-5
EVT-000405,PAT-00338,Urgence,2022-11-01,5,ETAB-3
EVT-000406,PAT-00339,Urgence,2023-04-22,11,ETAB-1
EVT-000407,PAT-00339,Consultation,2021-07-20,,ETAB-2
EVT-000408,PAT-00341,Consultation,2022-05-22,,ETAB-3
EVT-000409,PAT-00341,Consultation,2022-10-12,,ETAB-1
EVT-000410,PAT-00343,Consultation,2023-01-25,,ETAB-4
EVT-000411,PAT-00343,Urgence,2022-08-31,2,ETAB-4
EVT-000412,PAT-00344,Consultation,2021-02-02,,ETAB-1
EVT-000413,PAT-00345,Consultation,2022-12-03,,ETAB-3
EVT-000414,PAT-00346,Consultation,2023-02-23,,ETAB-5
EVT-000415,PAT-00346,Urgence,2021-12-06,5,ETAB-2
EVT-000416,PAT-00347,Urgence,2023-05-08,2,ETAB-3
EVT-000417,PAT-00352,Urgence,2023-03-12,9,ETAB-1
EVT-000418,PAT-00353,Consultation,2022-09-13,,ETAB-4
EVT-000419,PAT-00353,Hospitalisation,2021-01-08,4,ETAB-2
EVT-000420,PAT-00355,Hospitalisation,2022-01-15,10,ETAB-4
EVT-000421,PAT-00356,Urgence,2021-11-16,8,ETAB-1
EVT-000422,PAT-00357,Consultation,2021-05-14,,ETAB-2
EVT-000423,PAT-00358,Hospitalisation,2023-05-18,10,ETAB-5
EVT-000424,PAT-00359,Urgence,2021-10-17,10,ETAB-5
EVT-000425,PAT-00362,Consultation,2022-07-09,,ETAB-5
EVT-000426,PAT-00366,Urgence,2022-03-06,3,ETAB-4
EVT-000427,PAT-00368,Urgence,2022-10-01,1,ETAB-1
EVT-000428,PAT-00368,Urgence,2021-07-07,7,ETAB-5
EVT-000429,PAT-00368,Urgence,2021-01-09,3,ETAB-3
EVT-000430,PAT-00368,Hospitalisation,2022-05-30,5,ETAB-1
EVT-000431,PAT-00369,Hospitalisation,2022-09-28,8,ETAB-3
EVT-000432,PAT-00370,Hospitalisation,2021-02-27,9,ETAB-1
EVT-000433,PAT-00370,Urgence,2022-11-25,4,ETAB-3
EVT-000434,PAT-00370,Hospitalisation,2022-12-13,4,ETAB-4
EVT-000435,PAT-00370,Consultation,2021-06-11,,ETAB-2
EVT-000436,PAT-00371,Hospitalisation,2021-08-03,9,ETAB-2
EVT-000437,PAT-00372,Urgence,2021-02-04,7,ETAB-5
EVT-000438,PAT-00373,Consultation,2022-01-09,,ETAB-3
EVT-000439,PAT-00373,Consultation,2023-02-01,,ETAB-2
EVT-000440,PAT-00373,Consultation,2021-03-02,,ETAB-1
EVT-000441,PAT-00373,Urgence,2022-01-22,3,ETAB-1
EVT-000442,PAT-00374,Consultation,2023-02-15,,ETAB-3
EVT-000443,PAT-00375,Hospitalisation,2022-11-09,2,ETAB-3
EVT-000444,PAT-00376,Consultation,2022-02-03,,ETAB-4
EVT-000445,PAT-00378,Urgence,2022-11-18,11,ETAB-3
EVT-000446,PAT-00378,Urgence,2021-02-25,10,ETAB-3
EVT-000447,PAT-00379,Urgence,2022-07-10,8,ETAB-5
EVT-000448,PAT-00379,Consultation,2022-07-05,,ETAB-3
EVT-000449,PAT-00379,Urgence,2021-04-22,3,ETAB-4
EVT-000450,PAT-00381,Urgence,2023-06-06,2,ETAB-3
EVT-000451,PAT-00381,Consultation,2022-04-24,,ETAB-5
EVT-000452,PAT-00381,Urgence,2021-07-18,3,ETAB-3
EVT-000453,PAT-00381,Hospitalisation,2021-06-25,1,ETAB-3
EVT-000454,PAT-00382,Hospitalisation,2023-04-28,5,ETAB-3
EVT-000455,PAT-00382,Consultation,2021-10-10,,ETAB-4
EVT-000456,PAT-00382,Consultation,2022-12-04,,ETAB-3
EVT-000457,PAT-00383,Consultation,2022-05-11,,ETAB-5
EVT-000458,PAT-00384,Urgence,2022-05-25,10,ETAB-4
EVT-000459,PAT-00384,Urgence,2022-09-12,9,ETAB-3
EVT-000460,PAT-00385,Consultation,2021-03-12,,ETAB-4
EVT-000461,PAT-00385,Consultation,2022-01-31,,ETAB-2
EVT-000462,PAT-00385,Urgence,2023-06-18,8,ETAB-2
EVT-000463,PAT-00385,Hospitalisation,2021-04-12,1,ETAB-2
EVT-000464,PAT-00386,Urgence,2021-01-14,6,ETAB-4
EVT-000465,PAT-00386,Consultation,2021-01-20,,ETAB-5
EVT-000466,PAT-00387,Hospitalisation,2021-06-25,9,ETAB-3
EVT-000467,PAT-00387,Consultation,2022-06-09,,ETAB-4
EVT-000468,PAT-00388,Urgence,2023-03-31,8,ETAB-5
EVT-000469,PAT-00388,Consultation,2021-05-20,,ETAB-4
EVT-000470,PAT-00390,Hospitalisation,2022-04-07,6,ETAB-4
EVT-000471,PAT-00390,Hospitalisation,2022-04-17,1,ETAB-2
EVT-000472,PAT-00391,Hospitalisation,2022-10-22,4,ETAB-5
EVT-000473,PAT-00393,Hospitalisation,2022-12-16,2,ETAB-3
EVT-000474,PAT-00395,Hospitalisation,2023-06-26,5,ETAB-2
EVT-000475,PAT-00396,Urgence,2023-06-20,3,ETAB-2
EVT-000476,PAT-00396,Urgence,2021-02-02,7,ETAB-4
EVT-000477,PAT-00398,Consultation,2021-06-29,,ETAB-5
EVT-000478,PAT-00399,Urgence,2022-07-24,11,ETAB-5
EVT-000479,PAT-00399,Consultation,2021-01-15,,ETAB-3
EVT-000480,PAT-00400,Hospitalisation,2022-03-02,8,ETAB-4
EVT-000481,PAT-00401,Consultation,2021-12-28,,ETAB-2
EVT-000482,PAT-00404,Consultation,2022-08-11,,ETAB-5
EVT-000483,PAT-00406,Hospitalisation,2022-02-14,3,ETAB-2
EVT-000484,PAT-00407,Consultation,2022-08-25,,ETAB-5
EVT-000485,PAT-00407,Consultation,2021-11-29,,ETAB-4
EVT-000486,PAT-00408,Consultation,2022-06-16,,ETAB-1
EVT-000487,PAT-00410,Urgence,2023-04-17,6,ETAB-1
EVT-000488,PAT-00410,Hospitalisation,2022-08-18,3,ETAB-3
EVT-000489,PAT-00411,Urgence,2023-03-27,4,ETAB-3
EVT-000490,PAT-00411,Consultation,2022-08-17,,ETAB-1
EVT-000491,PAT-00412,Urgence,2022-10-15,2,ETAB-2
EVT-000492,PAT-00413,Consultation,2023-04-23,,ETAB-1
EVT-000493,PAT-00413,Urgence,2021-05-26,11,ETAB-4
EVT-000494,PAT-00414,Urgence,2022-04-30,8,ETAB-5
EVT-000495,PAT-00414,Hospitalisation,2023-04-25,2,ETAB-1
EVT-000496,PAT-00415,Consultation,2023-02-07,,ETAB-3
EVT-000497,PAT-00415,Urgence,2023-01-07,4,ETAB-4
EVT-000498,PAT-00416,Consultation,2021-10-23,,ETAB-1
EVT-000499,PAT-00417,Urgence,2023-01-15,7,ETAB-4
EVT-000500,PAT-00417,Consultation,2022-01-19,,ETAB-1
EVT-000501,PAT-00418,Urgence,2022-03-04,3,ETAB-1
EVT-000502,PAT-00419,Urgence,2021-02-27,5,ETAB-1
EVT-000503,PAT-00419,Consultation,2022-01-25,,ETAB-5
EVT-000504,PAT-00420,Urgence,2021-03-06,3,ETAB-5
EVT-000505,PAT-00421,Urgence,2023-05-01,9,ETAB-5
EVT-000506,PAT-00421,Consultation,2021-07-06,,ETAB-5
EVT-000507,PAT-00421,Consultation,2021-05-10,,ETAB-1
EVT-000508,PAT-00421,Urgence,2021-12-11,3,ETAB-2
EVT-000509,PAT-00422,Consultation,2022-06-11,,ETAB-5
EVT-000510,PAT-00422,Consultation,2021-08-04,,ETAB-3
EVT-000511,PAT-00422,Hospitalisation,2023-02-18,7,ETAB-4
EVT-000512,PAT-00424,Consultation,2023-03-24,,ETAB-5
EVT-000513,PAT-00424,Urgence,2022-09-28,7,ETAB-3
EVT-000514,PAT-00425,Consultation,2021-08-30,,ETAB-5
EVT-000515,PAT-00425,Hospitalisation,2022-10-22,4,ETAB-3
EVT-000516,PAT-00425,Consultation,2021-05-11,,ETAB-4
EVT-000517,PAT-00426,Urgence,2021-05-01,4,ETAB-2
EVT-000518,PAT-00426,Consultation,2022-12-09,,ETAB-4
EVT-000519,PAT-00427,Hospitalisation,2021-06-13,8,ETAB-1
EVT-000520,PAT-00428,Consultation,2023-05-14,,ETAB-1
EVT-000521,PAT-00429,Urgence,2022-03-30,7,ETAB-3
EVT-000522,PAT-00430,Consultation,2023-03-08,,ETAB-5
EVT-000523,PAT-00430,Urgence,2021-03-05,8,ETAB-2
EVT-000524,PAT-00430,Consultation,2021-04-12,,ETAB-3
EVT-000525,PAT-00430,Consultation,2023-03-11,,ETAB-3
EVT-000526,PAT-00430,Consultation,2022-11-27,,ETAB-4
EVT-000527,PAT-00431,Urgence,2023-06-12,5,ETAB-4
EVT-000528,PAT-00432,Hospitalisation,2022-07-14,7,ETAB-4
EVT-000529,PAT-00432,Urgence,2022-11-29,4,ETAB-1
EVT-000530,PAT-00432,Urgence,2021-06-07,1,ETAB-3
EVT-000531,PAT-00434,Consultation,2023-06-15,,ETAB-2
EVT-000532,PAT-00434,Hospitalisation,2022-02-26,5,ETAB-2
EVT-000533,PAT-00434,Urgence,2022-10-19,8,ETAB-2
EVT-000534,PAT-00434,Consultation,2022-12-20,,ETAB-3
EVT-000535,PAT-00434,Consultation,2022-12-05,,ETAB-1
EVT-000536,PAT-00434,Urgence,2022-03-29,4,ETAB-5
EVT-000537,PAT-00438,Consultation,2023-03-31,,ETAB-4
EVT-000538,PAT-00438,Consultation,2021-07-15,,ETAB-1
EVT-000539,PAT-00439,Urgence,2022-12-30,2,ETAB-4
EVT-000540,PAT-00439,Hospitalisation,2021-10-03,3,ETAB-3
EVT-000541,PAT-00441,Urgence,2022-02-28,9,ETAB-4
EVT-000542,PAT-00441,Hospitalisation,2021-08-16,11,ETAB-5
EVT-000543,PAT-00442,Hospitalisation,2021-06-09,1,ETAB-5
EVT-000544,PAT-00443,Urgence,2021-06-16,3,ETAB-2
EVT-000545,PAT-00443,Consultation,2023-03-02,,ETAB-1
EVT-000546,PAT-00444,Urgence,2022-06-16,2,ETAB-1
EVT-000547,PAT-00446,Consultation,2021-04-03,,ETAB-2
EVT-000548,PAT-00446,Hospitalisation,2022-11-09,1,ETAB-4
EVT-000549,PAT-00450,Consultation,2022-01-30,,ETAB-1
EVT-000550,PAT-00450,Hospitalisation,2021-10-12,9,ETAB-1
EVT-000551,PAT-00452,Consultation,2022-12-07,,ETAB-4
EVT-000552,PAT-00453,Hospitalisation,2023-04-05,8,ETAB-4
EVT-000553,PAT-00454,Urgence,2022-01-18,2,ETAB-4
EVT-000554,PAT-00455,Consultation,2022-09-07,,ETAB-1
EVT-000555,PAT-00455,Urgence,2022-11-25,6,ETAB-5
EVT-000556,PAT-00456,Hospitalisation,2021-02-16,4,ETAB-2
EVT-000557,PAT-00457,Consultation,2021-08-26,,ETAB-4
EVT-000558,PAT-00458,Urgence,2022-12-11,11,ETAB-1
EVT-000559,PAT-00458,Consultation,2022-11-30,,ETAB-4
EVT-000560,PAT-00459,Consultation,2021-12-10,,ETAB-5
EVT-000561,PAT-00461,Consultation,2023-05-26,,ETAB-2
EVT-000562,PAT-00466,Consultation,2023-04-26,,ETAB-2
EVT-000563,PAT-00467,Consultation,2023-01-01,,ETAB-1
EVT-000564,PAT-00467,Urgence,2022-08-18,1,ETAB-1
EVT-000565,PAT-00467,Urgence,2021-09-27,8,ETAB-4
EVT-000566,PAT-00467,Urgence,2023-04-17,3,ETAB-2
EVT-000567,PAT-00467,Urgence,2021-08-23,10,ETAB-4
EVT-000568,PAT-00468,Consultation,2022-07-16,,ETAB-4
EVT-000569,PAT-00468,Urgence,2023-04-17,2,ETAB-4
EVT-000570,PAT-00469,Hospitalisation,2021-12-15,11,ETAB-5
EVT-000571,PAT-00469,Urgence,2022-11-20,1,ETAB-5
EVT-000572,PAT-00469,Consultation,2023-05-13,,ETAB-4
EVT-000573,PAT-00469,Urgence,2023-06-18,7,ETAB-2
EVT-000574,PAT-00469,Hospitalisation,2023-05-27,3,ETAB-2
EVT-000575,PAT-00469,Urgence,2021-05-01,8,ETAB-3
EVT-000576,PAT-00470,Consultation,2021-12-31,,ETAB-3
EVT-000577,PAT-00470,Consultation,2021-09-12,,ETAB-4
EVT-000578,PAT-00470,Hospitalisation,2022-04-29,5,ETAB-5
EVT-000579,PAT-00473,Consultation,2021-08-25,,ETAB-3
EVT-000580,PAT-00474,Consultation,2023-01-24,,ETAB-3
EVT-000581,PAT-00474,Consultation,2022-05-10,,ETAB-2
EVT-000582,PAT-00474,Consultation,2023-01-01,,ETAB-3
EVT-000583,PAT-00475,Consultation,2022-08-13,,ETAB-1
EVT-000584,PAT-00475,Urgence,2023-03-16,7,ETAB-3
EVT-000585,PAT-00476,Urgence,2022-01-03,3,ETAB-1
EVT-000586,PAT-00476,Consultation,2022-01-28,,ETAB-3
EVT-000587,PAT-00476,Consultation,2022-11-30,,ETAB-5
EVT-000588,PAT-00477,Consultation,2022-03-26,,ETAB-1
EVT-000589,PAT-00479,Urgence,2023-02-11,11,ETAB-3
EVT-000590,PAT-00479,Urgence,2022-11-04,11,ETAB-1
EVT-000591,PAT-00479,Consultation,2023-01-03,,ETAB-2
EVT-000592,PAT-00479,Consultation,2022-02-13,,ETAB-1
EVT-000593,PAT-00481,Urgence,2022-11-04,5,ETAB-1
EVT-000594,PAT-00482,Urgence,2022-06-09,3,ETAB-1
EVT-000595,PAT-00484,Urgence,2023-05-28,3,ETAB-3
EVT-000596,PAT-00484,Consultation,2021-10-25,,ETAB-1
EVT-000597,PAT-00485,Urgence,2021-07-27,8,ETAB-4
EVT-000598,PAT-00486,Consultation,2021-10-11,,ETAB-5
EVT-000599,PAT-00487,Hospitalisation,2022-09-10,11,ETAB-5
EVT-000600,PAT-00487,Hospitalisation,2023-01-13,5,ETAB-2
EVT-000601,PAT-00487,Consultation,2021-05-23,,ETAB-1
EVT-000602,PAT-00488,Consultation,2022-07-12,,ETAB-5
EVT-000603,PAT-00489,Urgence,2021-11-26,10,ETAB-1
EVT-000604,PAT-00491,Hospitalisation,2021-11-27,5,ETAB-1
EVT-000605,PAT-00492,Consultation,2021-10-14,,ETAB-3
EVT-000606,PAT-00492,Urgence,2021-07-22,3,ETAB-1
EVT-000607,PAT-00492,Consultation,2021-08-07,,ETAB-2
EVT-000608,PAT-00493,Hospitalisation,2021-10-25,4,ETAB-1
EVT-000609,PAT-00493,Consultation,2021-01-24,,ETAB-2
EVT-000610,PAT-00493,Hospitalisation,2022-09-14,6,ETAB-1
EVT-000611,PAT-00493,Hospitalisation,2021-04-10,6,ETAB-4
EVT-000612,PAT-00493,Hospitalisation,2021-05-14,4,ETAB-2
EVT-000613,PAT-00494,Consultation,2023-03-09,,ETAB-3
EVT-000614,PAT-00496,Hospitalisation,2023-03-16,3,ETAB-1
EVT-000615,PAT-00496,Consultation,2021-03-07,,ETAB-4
EVT-000616,PAT-00496,Consultation,2023-01-03,,ETAB-5
EVT-000617,PAT-00497,Consultation,2023-04-18,,ETAB-5
EVT-000618,PAT-00501,Urgence,2022-01-07,7,ETAB-1
EVT-000619,PAT-00501,Consultation,2022-06-23,,ETAB-2
EVT-000620,PAT-00504,Consultation,2021-06-12,,ETAB-4
EVT-000621,PAT-00506,Consultation,2022-12-06,,ETAB-4
EVT-000622,PAT-00506,Hospitalisation,2021-05-22,4,ETAB-5
EVT-000623,PAT-00507,Consultation,2021-03-11,,ETAB-1
EVT-000624,PAT-00507,Urgence,2021-03-29,4,ETAB-2
EVT-000625,PAT-00507,Hospitalisation,2022-10-16,3,ETAB-4
EVT-000626,PAT-00510,Consultation,2021-05-05,,ETAB-1
EVT-000627,PAT-00510,Hospitalisation,2022-04-01,9,ETAB-2
EVT-000628,PAT-00510,Consultation,2022-02-26,,ETAB-4
EVT-000629,PAT-00511,Urgence,2022-02-25,1,ETAB-4
EVT-000630,PAT-00516,Hospitalisation,2021-05-05,10,ETAB-3
EVT-000631,PAT-00516,Consultation,2021-02-15,,ETAB-2
EVT-000632,PAT-00518,Urgence,2021-05-03,3,ETAB-3
EVT-000633,PAT-00522,Hospitalisation,2023-01-30,2,ETAB-2
EVT-000634,PAT-00522,Hospitalisation,2022-05-17,4,ETAB-5
EVT-000635,PAT-00522,Consultation,2022-10-26,,ETAB-3
EVT-000636,PAT-00523,Hospitalisation,2023-03-08,7,ETAB-1
EVT-000637,PAT-00523,Hospitalisation,2022-01-03,1,ETAB-3
EVT-000638,PAT-00523,Urgence,2021-06-09,10,ETAB-1
EVT-000639,PAT-00523,Hospitalisation,2021-11-14,1,ETAB-1
EVT-000640,PAT-00523,Consultation,2021-08-14,,ETAB-4
EVT-000641,PAT-00523,Urgence,2022-04-11,4,ETAB-3
EVT-000642,PAT-00523,Hospitalisation,2021-11-07,10,ETAB-1
EVT-000643,PAT-00524,Consultation,2022-01-11,,ETAB-4
EVT-000644,PAT-00524,Urgence,2021-04-07,7,ETAB-1
EVT-000645,PAT-00525,Hospitalisation,2022-07-12,4,ETAB-1
EVT-000646,PAT-00527,Urgence,2023-05-30,2,ETAB-1
EVT-000647,PAT-00527,Urgence,2021-02-06,5,ETAB-1
EVT-000648,PAT-00529,Hospitalisation,2023-01-22,11,ETAB-3
EVT-000649,PAT-00530,Consultation,2022-07-29,,ETAB-3
EVT-000650,PAT-00530,Hospitalisation,2022-01-31,9,ETAB-5
EVT-000651,PAT-00530,Consultation,2021-02-27,,ETAB-1
EVT-000652,PAT-00531,Urgence,2021-09-19,4,ETAB-4
EVT-000653,PAT-00533,Hospitalisation,2022-10-05,8,ETAB-1
EVT-000654,PAT-00535,Consultation,2022-09-11,,ETAB-5
EVT-000655,PAT-00537,Hospitalisation,2022-07-14,10,ETAB-5
EVT-000656,PAT-00537,Consultation,2021-12-05,,ETAB-3
EVT-000657,PAT-00540,Consultation,2023-05-08,,ETAB-5
EVT-000658,PAT-00540,Hospitalisation,2022-08-16,8,ETAB-5
EVT-000659,PAT-00540,Hospitalisation,2022-09-23,2,ETAB-2
EVT-000660,PAT-00540,Hospitalisation,2021-03-09,10,ETAB-4
EVT-000661,PAT-00542,Hospitalisation,2022-11-19,10,ETAB-5
EVT-000662,PAT-00542,Urgence,2021-09-07,10,ETAB-3
EVT-000663,PAT-00542,Hospitalisation,2021-09-13,3,ETAB-3
EVT-000664,PAT-00543,Consultation,2023-05-24,,ETAB-1
EVT-000665,PAT-00543,Urgence,2021-03-22,7,ETAB-4
EVT-000666,PAT-00545,Urgence,2022-01-21,10,ETAB-4
EVT-000667,PAT-00546,Urgence,2023-01-13,4,ETAB-4
EVT-000668,PAT-00546,Urgence,2021-11-07,9,ETAB-1
EVT-000669,PAT-00549,Consultation,2021-09-12,,ETAB-4
EVT-000670,PAT-00549,Consultation,2023-03-04,,ETAB-3
EVT-000671,PAT-00549,Hospitalisation,2022-11-02,10,ETAB-1
EVT-000672,PAT-00549,Hospitalisation,2021-01-26,11,ETAB-1
EVT-000673,PAT-00550,Consultation,2022-05-01,,ETAB-3
EVT-000674,PAT-00551,Consultation,2023-03-17,,ETAB-2
EVT-000675,PAT-00552,Consultation,2021-10-06,,ETAB-5
EVT-000676,PAT-00553,Hospitalisation,2021-11-18,3,ETAB-3
EVT-000677,PAT-00555,Consultation,2021-01-15,,ETAB-5
EVT-000678,PAT-00556,Consultation,2022-12-03,,ETAB-3
EVT-000679,PAT-00558,Hospitalisation,2022-03-30,7,ETAB-2
EVT-000680,PAT-00559,Urgence,2023-02-10,2,ETAB-4
EVT-000681,PAT-00559,Consultation,2022-06-21,,ETAB-2
EVT-000682,PAT-00562,Consultation,2022-01-28,,ETAB-4
EVT-000683,PAT-00563,Hospitalisation,2021-05-20,3,ETAB-4
EVT-000684,PAT-00563,Urgence,2022-10-30,5,ETAB-1
EVT-000685,PAT-00563,Urgence,2023-01-28,5,ETAB-1
EVT-000686,PAT-00563,Urgence,2023-04-01,11,ETAB-3
EVT-000687,PAT-00565,Urgence,2022-11-26,9,ETAB-5
EVT-000688,PAT-00566,Hospitalisation,2021-07-10,4,ETAB-4
EVT-000689,PAT-00566,Hospitalisation,2023-03-31,5,ETAB-4
EVT-000690,PAT-00566,Urgence,2021-09-07,8,ETAB-5
EVT-000691,PAT-00567,Consultation,2021-04-27,,ETAB-2
EVT-000692,PAT-00568,Hospitalisation,2022-08-04,1,ETAB-2
EVT-000693,PAT-00571,Urgence,2021-05-14,10,ETAB-2
EVT-000694,PAT-00571,Hospitalisation,2022-12-18,6,ETAB-2
EVT-000695,PAT-00572,Hospitalisation,2023-06-10,2,ETAB-2
EVT-000696,PAT-00572,Consultation,2022-09-09,,ETAB-1
EVT-000697,PAT-00574,Consultation,2023-06-03,,ETAB-3
EVT-000698,PAT-00574,Consultation,2021-03-11,,ETAB-1
EVT-000699,PAT-00575,Urgence,2021-11-15,5,ETAB-2
EVT-000700,PAT-00576,Urgence,2021-07-13,4,ETAB-2
EVT-000701,PAT-00576,Urgence,2022-08-20,7,ETAB-4
EVT-000702,PAT-00577,Urgence,2022-10-19,2,ETAB-4
EVT-000703,PAT-00577,Consultation,2023-03-20,,ETAB-4
EVT-000704,PAT-00578,Consultation,2022-03-09,,ETAB-3
EVT-000705,PAT-00580,Urgence,2022-02-16,9,ETAB-1
EVT-000706,PAT-00580,Consultation,2023-02-08,,ETAB-5
EVT-000707,PAT-00581,Urgence,2022-08-21,8,ETAB-2
EVT-000708,PAT-00582,Urgence,2023-02-09,11,ETAB-4
EVT-000709,PAT-00583,Consultation,2021-07-07,,ETAB-5
EVT-000710,PAT-00583,Hospitalisation,2022-01-24,6,ETAB-1
EVT-000711,PAT-00585,Hospitalisation,2021-11-16,6,ETAB-4
EVT-000712,PAT-00586,Consultation,2021-03-28,,ETAB-5
EVT-000713,PAT-00586,Urgence,2022-06-24,3,ETAB-2
EVT-000714,PAT-00588,Consultation,2021-12-10,,ETAB-2
EVT-000715,PAT-00588,Hospitalisation,2023-02-01,11,ETAB-5
EVT-000716,PAT-00589,Urgence,2023-06-23,10,ETAB-3
EVT-000717,PAT-00589,Urgence,2023-04-02,4,ETAB-5
EVT-000718,PAT-00589,Hospitalisation,2021-10-10,4,ETAB-4
EVT-000719,PAT-00591,Hospitalisation,2022-06-13,9,ETAB-4
EVT-000720,PAT-00591,Urgence,2021-03-05,5,ETAB-5
EVT-000721,PAT-00591,Consultation,2021-03-04,,ETAB-1
EVT-000722,PAT-00591,Urgence,2022-11-18,8,ETAB-1
EVT-000723,PAT-00593,Hospitalisation,2021-01-24,10,ETAB-1
EVT-000724,PAT-00596,Hospitalisation,2022-07-29,7,ETAB-2
EVT-000725,PAT-00596,Consultation,2021-06-21,,ETAB-3
EVT-000726,PAT-00597,Consultation,2022-11-02,,ETAB-4
EVT-000727,PAT-00598,Hospitalisation,2022-11-27,10,ETAB-3
EVT-000728,PAT-00599,Hospitalisation,2023-02-06,6,ETAB-5
EVT-000729,PAT-00599,Urgence,2023-04-30,2,ETAB-5
EVT-000730,PAT-00599,Urgence,2022-10-22,3,ETAB-4
EVT-000731,PAT-00599,Hospitalisation,2021-02-12,11,ETAB-3
EVT-000732,PAT-00600,Hospitalisation,2022-03-04,8,ETAB-1
EVT-000733,PAT-00600,Hospitalisation,2021-03-23,1,ETAB-1
EVT-000734,PAT-00600,Hospitalisation,2022-06-13,1,ETAB-3
EVT-000735,PAT-00601,Consultation,2021-01-15,,ETAB-4
EVT-000736,PAT-00601,Consultation,2022-08-02,,ETAB-5
EVT-000737,PAT-00602,Consultation,2022-04-12,,ETAB-2
EVT-000738,PAT-00605,Hospitalisation,2022-05-12,2,ETAB-2
EVT-000739,PAT-00606,Urgence,2021-11-16,7,ETAB-4
EVT-000740,PAT-00606,Hospitalisation,2021-07-17,9,ETAB-5
EVT-000741,PAT-00606,Consultation,2022-09-19,,ETAB-1
EVT-000742,PAT-00606,Hospitalisation,2022-04-10,6,ETAB-2
EVT-000743,PAT-00609,Urgence,2023-06-09,9,ETAB-1
EVT-000744,PAT-00609,Consultation,2021-01-11,,ETAB-2
EVT-000745,PAT-00609,Hospitalisation,2022-06-29,6,ETAB-3
EVT-000746,PAT-00612,Urgence,2022-02-20,9,ETAB-2
EVT-000747,PAT-00613,Urgence,2022-07-07,4,ETAB-2
EVT-000748,PAT-00613,Consultation,2023-04-18,,ETAB-5
EVT-000749,PAT-00614,Consultation,2022-02-06,,ETAB-4
EVT-000750,PAT-00614,Consultation,2022-10-29,,ETAB-4
EVT-000751,PAT-00614,Consultation,2021-06-23,,ETAB-5
EVT-000752,PAT-00615,Hospitalisation,2022-08-02,4,ETAB-5
EVT-000753,PAT-00615,Consultation,2023-03-27,,ETAB-5
EVT-000754,PAT-00615,Consultation,2021-11-23,,ETAB-4
EVT-000755,PAT-00615,Urgence,2022-02-19,8,ETAB-2
EVT-000756,PAT-00618,Consultation,2022-02-08,,ETAB-2
EVT-000757,PAT-00619,Consultation,2021-04-27,,ETAB-1
EVT-000758,PAT-00619,Hospitalisation,2022-03-21,9,ETAB-2
EVT-000759,PAT-00620,Hospitalisation,2022-10-18,2,ETAB-5
