SejourID,PatientID,DateAdmission,DateSortie,DureeSejour,Service,TypeSejour,GHM,ModeSortie,Readmission30j
SEJ-000001,PAT-00001,2023-12-20 02:27:06,2023-12-26 02:27:06,6,Pneumologie,Urgent,04M05,Domicile,1
SEJ-000002,PAT-00002,2023-10-06 17:15:58,2023-10-09 17:15:58,3,Chirurgie,Urgent,09C08,Domicile,0
SEJ-000003,PAT-00003,2023-12-31 04:22:36,2024-01-03 04:22:36,3,Urgences,Programmé,01M02,Deces,0
SEJ-000004,PAT-00004,2023-07-28 23:23:19,2023-08-18 23:23:19,21,Urgences,Urgent,24Z08,Domicile,0
SEJ-000005,PAT-00005,2023-09-18 11:50:09,2023-09-20 11:50:09,2,SoinsContinus,Urgent,25Z03,Transfert,0
SEJ-000006,PAT-00005,2024-07-15 03:45:18,2024-07-19 03:45:18,4,MedecineInterne,Urgent,01M02,Domicile,0
SEJ-000007,PAT-00006,2024-08-15 10:02:28,2024-08-20 10:02:28,5,MedecineInterne,Programmé,01M02,EHPAD,0
SEJ-000008,PAT-00007,2024-01-20 06:59:32,2024-01-26 06:59:32,6,SoinsContinus,Programmé,24Z08,Transfert,0
SEJ-000009,PAT-00008,2024-03-13 16:18:54,2024-03-18 16:18:54,5,MedecineInterne,Programmé,01M02,Domicile,1
SEJ-000010,PAT-00009,2024-02-08 10:40:29,2024-02-09 10:40:29,1,Cardiologie,Urgent,05K05,Domicile,0
SEJ-000011,PAT-00010,2024-09-24 07:44:40,2024-09-29 07:44:40,5,Cardiologie,Programmé,05M02,Domicile,1
SEJ-000012,PAT-00011,2024-08-04 01:00:39,2024-08-13 01:00:39,9,MedecineInterne,Programmé,25Z03,Domicile,0
SEJ-000013,PAT-00012,2024-07-07 13:48:39,2024-07-16 13:48:39,9,Cardiologie,Urgent,05M09,Transfert,0
SEJ-000014,PAT-00013,2024-01-14 04:32:10,2024-01-23 04:32:10,9,SoinsContinus,Urgent,25Z03,Domicile,0
SEJ-000015,PAT-00014,2023-08-14 08:36:04,2023-08-18 08:36:04,4,Pneumologie,Programmé,04M05,EHPAD,0
SEJ-000016,PAT-00015,2024-08-16 15:18:07,2024-08-19 15:18:07,3,Chirurgie,Urgent,09C08,Domicile,1
SEJ-000017,PAT-00016,2024-03-21 01:55:32,2024-03-25 01:55:32,4,MedecineInterne,Urgent,25Z03,Deces,0
SEJ-000018,PAT-00017,2024-04-16 19:41:57,2024-04-20 19:41:57,4,Chirurgie,Urgent,10C04,Domicile,0
SEJ-000019,PAT-00017,2024-10-31 03:15:24,2024-11-07 03:15:24,7,MedecineInterne,Urgent,25Z03,Domicile,0
SEJ-000020,PAT-00018,2024-07-16 00:17:48,2024-07-23 00:17:48,7,Urgences,Urgent,24Z08,Deces,0
SEJ-000021,PAT-00019,2023-12-23 17:08:41,2023-12-31 17:08:41,8,Chirurgie,Programmé,10C04,Domicile,0
SEJ-000022,PAT-00019,2024-09-06 00:52:14,2024-09-10 00:52:14,4,Pneumologie,Urgent,04M05,Domicile,1
SEJ-000023,PAT-00019,2024-11-09 10:01:54,2024-11-10 10:01:54,1,MedecineInterne,Programmé,06M06,Domicile,0
SEJ-000024,PAT-00020,2024-07-11 04:20:24,2024-07-24 04:20:24,13,MedecineInterne,Urgent,06M06,Domicile,1
SEJ-000025,PAT-00021,2024-10-20 09:07:36,2024-10-21 09:07:36,1,Cardiologie,Urgent,05K05,Deces,0
SEJ-000026,PAT-00022,2023-10-03 05:58:32,2023-10-06 05:58:32,3,Cardiologie,Urgent,05K05,Domicile,0
SEJ-000027,PAT-00023,2024-01-01 13:23:24,2024-01-06 13:23:24,5,Chirurgie,Programmé,10C04,Domicile,1
SEJ-000028,PAT-00023,2024-08-21 18:59:05,2024-08-26 18:59:05,5,SoinsContinus,Urgent,24Z08,Domicile,1
SEJ-000029,PAT-00024,2023-10-31 03:25:15,2023-11-05 03:25:15,5,Chirurgie,Urgent,10C04,Domicile,0
SEJ-000030,PAT-00025,2024-01-31 08:59:22,2024-02-03 08:59:22,3,Chirurgie,Urgent,10C04,Transfert,0
SEJ-000031,PAT-00025,2024-10-23 04:12:49,2024-10-27 04:12:49,4,SoinsContinus,Urgent,25Z03,EHPAD,0
SEJ-000032,PAT-00026,2023-10-20 22:32:12,2023-10-24 22:32:12,4,MedecineInterne,Urgent,06M06,HAD,0
SEJ-000033,PAT-00027,2023-10-20 14:14:26,2023-10-24 14:14:26,4,Pneumologie,Urgent,07M04,Deces,0
SEJ-000034,PAT-00027,2024-02-18 12:53:48,2024-02-20 12:53:48,2,SoinsContinus,Urgent,24Z08,HAD,1
SEJ-000035,PAT-00028,2024-06-28 18:09:06,2024-07-02 18:09:06,4,Chirurgie,Urgent,10C04,Domicile,0
SEJ-000036,PAT-00029,2023-10-02 09:47:36,2023-10-13 09:47:36,11,MedecineInterne,Urgent,06M06,Domicile,0
SEJ-000037,PAT-00030,2024-07-27 14:37:54,2024-07-30 14:37:54,3,Cardiologie,Programmé,05K05,Transfert,0
SEJ-000038,PAT-00031,2023-11-17 08:03:51,2023-11-28 08:03:51,11,Chirurgie,Urgent,09C08,Deces,1
SEJ-000039,PAT-00032,2023-10-01 11:39:41,2023-10-11 11:39:41,10,Chirurgie,Urgent,10C04,Domicile,0
SEJ-000040,PAT-00033,2024-10-15 09:53:56,2024-10-25 09:53:56,10,Cardiologie,Programmé,05K05,Domicile,0
SEJ-000041,PAT-00034,2024-08-15 11:05:55,2024-08-21 11:05:55,6,MedecineInterne,Programmé,25Z03,EHPAD,1
SEJ-000042,PAT-00035,2023-08-20 09:57:08,2023-08-28 09:57:08,8,Cardiologie,Urgent,05M02,Domicile,0
SEJ-000043,PAT-00036,2024-02-07 06:10:00,2024-02-12 06:10:00,5,Chirurgie,Programmé,09C08,Domicile,0
SEJ-000044,PAT-00037,2024-10-04 20:55:29,2024-10-08 20:55:29,4,Urgences,Programmé,01M02,Domicile,1
SEJ-000045,PAT-00038,2024-02-25 23:32:26,2024-02-27 23:32:26,2,Pneumologie,Programmé,07M04,Domicile,1
SEJ-000046,PAT-00039,2023-12-26 19:03:24,2023-12-30 19:03:24,4,Chirurgie,Programmé,10C04,Domicile,0
SEJ-000047,PAT-00040,2023-08-19 22:34:05,2023-08-26 22:34:05,7,MedecineInterne,Urgent,01M02,HAD,0
SEJ-000048,PAT-00040,2024-06-03 04:57:01,2024-06-06 04:57:01,3,Cardiologie,Urgent,05M02,Domicile,0
SEJ-000049,PAT-00040,2024-11-16 21:46:22,2024-11-30 00:00:00,13,Pneumologie,Urgent,04M05,Domicile,0
SEJ-000050,PAT-00041,2023-09-08 20:20:50,2023-09-10 20:20:50,-1,Pneumologie,Urgent,04M05,Domicile,0
SEJ-000051,PAT-00041,2024-07-01 03:26:12,2024-07-04 03:26:12,-3,Chirurgie,Urgent,09C08,Domicile,0
SEJ-000052,PAT-00042,2024-10-25 23:29:04,2024-10-28 23:29:04,3,Cardiologie,Programmé,05K05,Deces,0
SEJ-000053,PAT-00043,2024-01-09 01:53:33,2024-01-21 01:53:33,12,SoinsContinus,Programmé,25Z03,Domicile,0
SEJ-000054,PAT-00044,2023-07-26 15:00:35,2023-07-31 15:00:35,5,Pneumologie,Programmé,04M05,Deces,0
SEJ-000055,PAT-00045,2024-08-16 20:07:51,2024-08-22 20:07:51,6,MedecineInterne,Urgent,25Z03,Deces,1
SEJ-000056,PAT-00046,2024-04-18 21:14:42,2024-04-23 21:14:42,5,Pneumologie,Programmé,07M04,Domicile,0
SEJ-000057,PAT-00046,2024-09-25 21:40:02,2024-09-29 21:40:02,4,SoinsContinus,Programmé,25Z03,Transfert,1
SEJ-000058,PAT-00047,2024-05-01 17:16:12,2024-05-05 17:16:12,4,MedecineInterne,Urgent,25Z03,Deces,0
SEJ-000059,PAT-00047,2024-08-06 19:24:22,2024-08-09 19:24:22,3,Urgences,Programmé,01M02,Domicile,0
SEJ-000060,PAT-00048,2023-08-09 21:08:59,2023-08-17 21:08:59,8,MedecineInterne,Urgent,25Z03,Domicile,0
SEJ-000061,PAT-00049,2024-03-03 03:21:11,2024-03-07 03:21:11,4,MedecineInterne,Programmé,25Z03,Domicile,1
SEJ-000062,PAT-00050,2024-08-01 19:54:16,2024-08-13 19:54:16,12,Chirurgie,Urgent,09C02,Domicile,1
SEJ-000063,PAT-00050,2024-11-28 21:57:07,2024-11-30 00:00:00,1,SoinsContinus,Programmé,24Z08,Domicile,1
SEJ-000064,PAT-00051,2024-01-19 00:13:38,2024-01-27 00:13:38,8,SoinsContinus,Urgent,24Z08,Domicile,0
SEJ-000065,PAT-00052,2024-05-09 13:18:58,2024-05-26 13:18:58,17,Pneumologie,Programmé,07M04,Domicile,0
SEJ-000066,PAT-00053,2024-03-01 22:55:34,2024-03-14 22:55:34,13,Pneumologie,Programmé,04M02,Domicile,0
SEJ-000067,PAT-00054,2024-08-07 08:47:36,2024-08-08 08:47:36,1,MedecineInterne,Urgent,01M02,Domicile,0
SEJ-000068,PAT-00054,2024-11-06 06:27:18,2024-11-10 06:27:18,4,Pneumologie,Urgent,07M04,Domicile,0
SEJ-000069,PAT-00055,2023-11-03 23:26:54,2023-11-08 23:26:54,5,SoinsContinus,Urgent,24Z08,Domicile,0
SEJ-000070,PAT-00055,2024-10-10 15:33:25,2024-10-13 15:33:25,3,MedecineInterne,Urgent,06M06,Domicile,0
SEJ-000071,PAT-00056,2023-07-19 04:25:50,2023-07-25 04:25:50,6,MedecineInterne,Urgent,25Z03,Domicile,0
SEJ-000072,PAT-00057,2023-08-24 06:16:37,2023-08-26 06:16:37,2,MedecineInterne,Urgent,25Z03,Domicile,1
SEJ-000073,PAT-00058,2024-08-17 22:13:41,2024-08-18 22:13:41,1,MedecineInterne,Programmé,25Z03,Domicile,0
SEJ-000074,PAT-00058,2024-11-12 17:48:27,2024-11-15 17:48:27,3,Cardiologie,Urgent,05M09,EHPAD,1
SEJ-000075,PAT-00059,2024-09-01 16:59:32,2024-09-04 16:59:32,3,Pneumologie,Urgent,04M05,Domicile,0
SEJ-000076,PAT-00060,2023-12-31 02:57:45,2024-01-12 02:57:45,12,Urgences,Urgent,01M02,Domicile,0
SEJ-000077,PAT-00061,2023-11-24 03:51:08,2023-11-26 03:51:08,0,Cardiologie,Urgent,05K05,HAD,1
SEJ-000078,PAT-00061,2024-05-28 14:45:29,2024-06-04 14:45:29,7,Cardiologie,Urgent,05M02,Transfert,1
SEJ-000079,PAT-00062,2024-06-03 04:30:06,2024-06-04 04:30:06,1,Pneumologie,Programmé,04M05,Domicile,1
SEJ-000080,PAT-00062,2024-09-29 03:55:36,2024-10-03 03:55:36,4,Cardiologie,Urgent,05M09,Deces,1
SEJ-000081,PAT-00063,2024-02-10 12:24:11,2024-02-13 12:24:11,3,SoinsContinus,Programmé,25Z03,Transfert,0
SEJ-000082,PAT-00063,2024-07-22 16:23:36,2024-08-01 16:23:36,10,Chirurgie,Urgent,10C04,Domicile,0
SEJ-000083,PAT-00064,2023-10-27 03:08:59,2023-11-01 03:08:59,5,Chirurgie,Urgent,09C08,Transfert,0
SEJ-000084,PAT-00065,2023-09-29 15:50:34,2023-10-07 15:50:34,8,Pneumologie,Programmé,04M02,EHPAD,0
SEJ-000085,PAT-00065,2024-05-31 13:44:26,2024-06-06 13:44:26,99,Pneumologie,Urgent,04M02,EHPAD,0
SEJ-000086,PAT-00066,2024-09-02 00:35:46,2024-09-07 00:35:46,5,MedecineInterne,Urgent,06M06,EHPAD,0
SEJ-000087,PAT-00066,2024-11-06 09:45:12,2024-11-10 09:45:12,4,Cardiologie,Programmé,05M09,Domicile,0
SEJ-000088,PAT-00067,2024-06-15 20:58:48,2024-06-22 20:58:48,7,Urgences,Programmé,24Z08,Domicile,0
SEJ-000089,PAT-00068,2023-11-06 12:35:20,2023-11-09 12:35:20,3,MedecineInterne,Urgent,25Z03,Domicile,0
SEJ-000090,PAT-00069,2024-01-03 22:38:51,2024-01-06 22:38:51,3,Cardiologie,Urgent,05M09,Domicile,0
SEJ-000091,PAT-00070,2024-01-22 17:33:48,2024-01-23 17:33:48,1,MedecineInterne,Urgent,06M06,Domicile,0
SEJ-000092,PAT-00070,2024-08-17 01:24:33,2024-08-19 01:24:33,2,Pneumologie,Programmé,04M05,Domicile,1
SEJ-000093,PAT-00071,2024-01-08 16:19:01,2024-01-11 16:19:01,3,Pneumologie,Urgent,07M04,Transfert,1
SEJ-000094,PAT-00071,2024-08-31 07:11:32,2024-09-09 07:11:32,9,Pneumologie,Urgent,04M05,EHPAD,0
SEJ-000095,PAT-00072,2024-11-03 20:43:44,2024-11-06 20:43:44,3,Cardiologie,Programmé,05M02,Domicile,0
SEJ-000096,PAT-00073,2024-02-06 17:30:32,2024-02-10 17:30:32,4,Chirurgie,Urgent,09C02,Domicile,0
SEJ-000097,PAT-00074,2024-03-21 07:37:26,2024-03-24 07:37:26,3,SoinsContinus,Programmé,24Z08,Transfert,0
SEJ-000098,PAT-00074,2024-07-11 03:05:21,2024-07-12 03:05:21,1,MedecineInterne,Urgent,06M06,Domicile,1
SEJ-000099,PAT-00075,2024-08-20 07:18:22,2024-08-21 07:18:22,1,Pneumologie,Programmé,04M05,Domicile,0
SEJ-000100,PAT-00076,2024-01-11 23:57:44,2024-01-14 23:57:44,3,Chirurgie,Urgent,09C02,Domicile,0
SEJ-000101,PAT-00076,2024-08-30 00:30:56,2024-09-04 00:30:56,0,MedecineInterne,Urgent,06M06,Domicile,0
SEJ-000102,PAT-00077,2024-05-18 02:50:56,2024-05-27 02:50:56,39,Cardiologie,Urgent,05K05,Transfert,0
SEJ-000103,PAT-00078,2024-11-26 17:48:44,2024-11-30 00:00:00,3,Chirurgie,Urgent,09C08,Domicile,0
SEJ-000104,PAT-00079,2023-07-04 11:34:14,2023-07-09 11:34:14,5,SoinsContinus,Programmé,25Z03,Domicile,0
SEJ-000105,PAT-00080,2023-09-26 15:21:26,2023-10-01 15:21:26,5,Pneumologie,Programmé,04M05,Transfert,0
SEJ-000106,PAT-00081,2024-07-03 09:07:29,2024-07-07 09:07:29,4,Urgences,Programmé,24Z08,Domicile,0
SEJ-000107,PAT-00081,2024-10-28 07:50:23,2024-10-29 07:50:23,1,Cardiologie,Urgent,05M09,Domicile,0
SEJ-000108,PAT-00082,2023-12-27 17:18:31,2023-12-28 17:18:31,1,Cardiologie,Urgent,05M09,EHPAD,1
SEJ-000109,PAT-00083,2024-05-31 23:57:20,2024-06-03 23:57:20,3,Chirurgie,Programmé,09C02,Domicile,0
SEJ-000110,PAT-00084,2024-02-04 06:09:38,2024-02-10 06:09:38,6,Chirurgie,Urgent,10C04,Transfert,0
SEJ-000111,PAT-00084,2024-09-12 23:16:21,2024-09-15 23:16:21,3,SoinsContinus,Programmé,25Z03,Domicile,1
SEJ-000112,PAT-00085,2024-06-07 23:15:30,2024-06-12 23:15:30,5,Pneumologie,Urgent,04M05,Domicile,0
SEJ-000113,PAT-00085,2024-09-17 18:29:10,2024-09-20 18:29:10,3,Chirurgie,Programmé,09C02,Transfert,0
SEJ-000114,PAT-00086,2024-05-25 14:41:38,2024-05-28 14:41:38,3,MedecineInterne,Programmé,01M02,Transfert,1
SEJ-000115,PAT-00087,2024-11-10 15:24:57,2024-11-18 15:24:57,8,Chirurgie,Urgent,09C08,Domicile,1
SEJ-000116,PAT-00088,2023-07-05 16:18:00,2023-07-18 16:18:00,13,Cardiologie,Urgent,05K05,HAD,0
SEJ-000117,PAT-00089,2024-07-21 09:50:54,2024-08-02 09:50:54,12,Chirurgie,Programmé,09C02,Domicile,0
SEJ-000118,PAT-00089,2024-11-20 06:17:34,2024-11-23 06:17:34,3,Cardiologie,Programmé,05K05,Domicile,0
SEJ-000119,PAT-00090,2023-10-10 02:44:11,2023-10-26 02:44:11,16,MedecineInterne,Urgent,01M02,Deces,0
SEJ-000120,PAT-00090,2024-05-26 08:15:07,2024-06-09 08:15:07,14,MedecineInterne,Urgent,06M06,Domicile,0
SEJ-000121,PAT-00091,2023-08-23 01:31:19,2023-08-26 01:31:19,3,MedecineInterne,Programmé,06M06,Domicile,0
SEJ-000122,PAT-00091,2024-06-23 04:52:22,2024-06-29 04:52:22,6,MedecineInterne,Urgent,01M02,Transfert,0
SEJ-000123,PAT-00092,2023-07-12 21:04:38,2023-07-15 21:04:38,3,MedecineInterne,Urgent,01M02,HAD,0
SEJ-000124,PAT-00092,2024-01-24 04:00:52,2024-01-28 04:00:52,4,MedecineInterne,Urgent,25Z03,Domicile,0
SEJ-000125,PAT-00093,2024-08-28 00:13:37,2024-09-01 00:13:37,4,Urgences,Urgent,24Z08,HAD,0
SEJ-000126,PAT-00094,2024-04-14 22:40:55,2024-04-29 22:40:55,15,MedecineInterne,Programmé,01M02,Domicile,0
SEJ-000127,PAT-00095,2024-11-19 01:33:16,2024-11-22 01:33:16,3,Chirurgie,Urgent,09C02,Deces,0
SEJ-000128,PAT-00096,2023-11-07 10:29:52,2023-11-13 10:29:52,6,MedecineInterne,Urgent,25Z03,EHPAD,0
SEJ-000129,PAT-00096,2024-11-03 08:57:31,2024-11-06 08:57:31,3,SoinsContinus,Programmé,24Z08,EHPAD,0
SEJ-000130,PAT-00097,2024-11-04 13:13:15,2024-11-07 13:13:15,3,MedecineInterne,Programmé,06M06,Domicile,0
SEJ-000131,PAT-00098,2024-05-30 11:29:57,2024-06-01 11:29:57,2,Chirurgie,Urgent,09C08,Domicile,0
SEJ-000132,PAT-00098,2024-10-02 00:53:39,2024-10-13 00:53:39,11,Pneumologie,Programmé,04M05,Domicile,0
SEJ-000133,PAT-00099,2023-11-12 23:18:44,2023-11-19 23:18:44,7,MedecineInterne,Programmé,25Z03,HAD,0
SEJ-000134,PAT-00099,2024-04-03 00:14:01,2024-04-10 00:14:01,7,Cardiologie,Urgent,05M09,Domicile,0
SEJ-000135,PAT-00100,2023-11-28 08:09:42,2023-12-05 08:09:42,7,Urgences,Urgent,24Z08,Transfert,0
SEJ-000136,PAT-00100,2024-10-09 19:12:02,2024-10-12 19:12:02,3,SoinsContinus,Urgent,24Z08,HAD,0
SEJ-000137,PAT-00101,2024-07-20 07:06:15,2024-07-31 07:06:15,11,Chirurgie,Urgent,10C04,Domicile,1
SEJ-000138,PAT-00101,2024-10-26 19:47:43,2024-10-29 19:47:43,3,MedecineInterne,Programmé,06M06,Domicile,0
SEJ-000139,PAT-00102,2024-08-06 18:11:51,2024-08-12 18:11:51,6,Pneumologie,Urgent,07M04,HAD,0
SEJ-000140,PAT-00103,2024-03-26 09:13:34,2024-03-29 09:13:34,3,Pneumologie,Programmé,04M05,Transfert,0
SEJ-000141,PAT-00103,2024-07-25 16:40:22,2024-08-05 16:40:22,11,Urgences,Urgent,24Z08,EHPAD,0
SEJ-000142,PAT-00104,2024-04-29 06:22:33,2024-05-03 06:22:33,4,Cardiologie,Programmé,05M09,Domicile,0
SEJ-000143,PAT-00104,2024-10-22 03:54:32,2024-11-02 03:54:32,11,Chirurgie,Programmé,09C08,Domicile,0
SEJ-000144,PAT-00105,2024-09-10 13:06:16,2024-09-14 13:06:16,4,MedecineInterne,Urgent,01M02,Deces,0
SEJ-000145,PAT-00105,2024-11-18 21:47:23,2024-11-22 21:47:23,4,Cardiologie,Urgent,05M02,Deces,0
SEJ-000146,PAT-00106,2024-11-07 20:55:50,2024-11-14 20:55:50,7,MedecineInterne,Programmé,25Z03,Domicile,0
SEJ-000147,PAT-00107,2024-03-07 00:51:55,2024-03-10 00:51:55,3,Cardiologie,Urgent,05K05,Transfert,0
SEJ-000148,PAT-00107,2024-08-02 01:02:50,2024-08-04 01:02:50,2,MedecineInterne,Programmé,01M02,Domicile,0
SEJ-000149,PAT-00108,2024-01-18 04:30:13,2024-01-23 04:30:13,5,SoinsContinus,Urgent,24Z08,Transfert,0
SEJ-000150,PAT-00109,2023-09-16 19:10:19,2023-09-24 19:10:19,8,MedecineInterne,Programmé,25Z03,Deces,1
SEJ-000151,PAT-00110,2024-10-11 22:42:48,2024-10-13 22:42:48,2,MedecineInterne,Urgent,06M06,Domicile,1
SEJ-000152,PAT-00111,2023-10-22 16:07:02,2023-10-28 16:07:02,6,Cardiologie,Programmé,05K05,Deces,0
SEJ-000153,PAT-00111,2023-12-31 08:46:28,2024-01-05 08:46:28,5,Cardiologie,Urgent,05M09,Domicile,0
SEJ-000154,PAT-00112,2024-01-23 11:20:55,2024-02-01 11:20:55,9,Pneumologie,Urgent,07M04,Domicile,0
SEJ-000155,PAT-00113,2023-09-26 22:16:35,2023-09-27 22:16:35,1,Pneumologie,Urgent,07M04,Deces,0
SEJ-000156,PAT-00114,2024-06-10 00:53:23,2024-06-19 00:53:23,9,Chirurgie,Programmé,09C08,Domicile,0
SEJ-000157,PAT-00115,2024-08-16 22:12:39,2024-08-22 22:12:39,6,SoinsContinus,Programmé,24Z08,Domicile,1
SEJ-000158,PAT-00116,2024-09-30 17:54:24,2024-10-05 17:54:24,5,Pneumologie,Urgent,07M04,Deces,1
SEJ-000159,PAT-00117,2024-05-13 01:51:00,2024-05-16 01:51:00,3,Cardiologie,Urgent,05K05,Deces,0
SEJ-000160,PAT-00117,2024-09-26 09:04:55,2024-10-02 09:04:55,6,Urgences,Urgent,01M02,EHPAD,1
SEJ-000161,PAT-00118,2023-07-12 07:30:05,2023-07-15 07:30:05,3,Cardiologie,Urgent,05M09,HAD,0
SEJ-000162,PAT-00119,2024-11-19 10:34:26,2024-11-27 10:34:26,8,Pneumologie,Programmé,04M02,Domicile,0
SEJ-000163,PAT-00120,2024-05-29 20:00:14,2024-06-01 20:00:14,3,Urgences,Urgent,24Z08,Transfert,0
SEJ-000164,PAT-00121,2024-11-17 14:54:22,2024-11-21 14:54:22,4,Pneumologie,Programmé,04M05,Domicile,0
SEJ-000165,PAT-00122,2024-11-22 20:08:23,2024-11-28 20:08:23,6,Chirurgie,Urgent,10C04,Domicile,0
SEJ-000166,PAT-00123,2024-06-02 19:05:16,2024-06-12 19:05:16,10,Cardiologie,Urgent,05M02,Transfert,1
SEJ-000167,PAT-00123,2024-08-26 01:01:15,2024-08-30 01:01:15,4,MedecineInterne,Urgent,01M02,Domicile,0
SEJ-000168,PAT-00124,2023-08-15 18:39:36,2023-08-18 18:39:36,3,Chirurgie,Programmé,10C04,EHPAD,0
SEJ-000169,PAT-00124,2024-02-06 03:47:24,2024-02-10 03:47:24,4,Chirurgie,Programmé,09C08,Deces,0
SEJ-000170,PAT-00124,2024-03-23 00:49:12,2024-03-25 00:49:12,2,Pneumologie,Urgent,07M04,Domicile,0
SEJ-000171,PAT-00125,2023-10-25 19:09:53,2023-10-26 19:09:53,1,MedecineInterne,Programmé,25Z03,Domicile,0
SEJ-000172,PAT-00125,2024-08-21 11:19:51,2024-08-26 11:19:51,5,Chirurgie,Urgent,09C08,Domicile,0
SEJ-000173,PAT-00126,2024-09-28 18:16:59,2024-09-30 18:16:59,2,SoinsContinus,Programmé,24Z08,Domicile,0
SEJ-000174,PAT-00127,2023-12-13 12:51:35,2023-12-18 12:51:35,5,Chirurgie,Urgent,09C02,EHPAD,0
SEJ-000175,PAT-00128,2024-04-25 00:59:51,2024-04-28 00:59:51,3,Cardiologie,Urgent,05M02,Transfert,0
SEJ-000176,PAT-00128,2024-09-17 17:47:06,2024-09-28 17:47:06,41,Chirurgie,Programmé,09C08,Domicile,0
SEJ-000177,PAT-00129,2024-09-24 04:21:14,2024-09-28 04:21:14,4,Cardiologie,Urgent,05M02,Domicile,0
SEJ-000178,PAT-00130,2024-07-31 12:02:12,2024-08-15 12:02:12,15,Cardiologie,Urgent,05M02,HAD,0
SEJ-000179,PAT-00131,2023-12-21 12:07:20,2023-12-29 12:07:20,8,Cardiologie,Programmé,05K05,Domicile,0
SEJ-000180,PAT-00132,2023-11-01 04:35:27,2023-11-03 04:35:27,2,Pneumologie,Programmé,04M05,Domicile,0
SEJ-000181,PAT-00133,2024-07-31 20:00:30,2024-08-05 20:00:30,5,Chirurgie,Programmé,09C08,HAD,0
SEJ-000182,PAT-00134,2024-05-07 20:12:00,2024-05-13 20:12:00,6,MedecineInterne,Programmé,06M06,Transfert,0
SEJ-000183,PAT-00135,2023-10-24 07:33:43,2023-10-28 07:33:43,4,Pneumologie,Urgent,04M05,Domicile,0
SEJ-000184,PAT-00136,2023-08-19 07:40:03,2023-08-25 07:40:03,6,Cardiologie,Urgent,05M02,Transfert,0
SEJ-000185,PAT-00136,2024-09-16 14:47:30,2024-09-24 14:47:30,8,Chirurgie,Urgent,09C08,Domicile,0
SEJ-000186,PAT-00137,2024-04-04 01:12:34,2024-04-13 01:12:34,9,Chirurgie,Urgent,09C08,EHPAD,0
SEJ-000187,PAT-00137,2024-11-19 23:54:16,2024-11-24 23:54:16,5,SoinsContinus,Urgent,24Z08,Deces,1
SEJ-000188,PAT-00138,2023-12-28 00:48:12,2024-01-11 00:48:12,14,Pneumologie,Urgent,04M05,Domicile,0
SEJ-000189,PAT-00138,2024-10-13 02:46:38,2024-10-16 02:46:38,3,SoinsContinus,Urgent,25Z03,HAD,1
SEJ-000190,PAT-00139,2023-10-01 04:44:20,2023-10-03 04:44:20,2,SoinsContinus,Programmé,24Z08,HAD,1
SEJ-000191,PAT-00140,2024-11-19 14:29:26,2024-11-30 00:00:00,10,SoinsContinus,Urgent,24Z08,HAD,0
SEJ-000192,PAT-00141,2024-05-30 12:23:19,2024-05-31 12:23:19,1,SoinsContinus,Programmé,24Z08,Domicile,0
SEJ-000193,PAT-00142,2023-12-16 10:51:15,2023-12-21 10:51:15,5,Pneumologie,Urgent,04M02,Domicile,0
SEJ-000194,PAT-00142,2024-08-02 10:33:48,2024-08-06 10:33:48,4,Chirurgie,Programmé,10C04,Domicile,0
SEJ-000195,PAT-00143,2024-10-21 13:59:09,2024-10-23 13:59:09,2,MedecineInterne,Programmé,06M06,Transfert,0
SEJ-000196,PAT-00144,2024-08-15 21:33:21,2024-08-19 21:33:21,4,MedecineInterne,Urgent,01M02,Domicile,0
SEJ-000197,PAT-00145,2024-11-10 00:51:56,2024-11-13 00:51:56,3,Urgences,Programmé,01M02,Transfert,0
SEJ-000198,PAT-00146,2024-07-18 23:20:28,2024-07-19 23:20:28,1,MedecineInterne,Programmé,25Z03,Transfert,0
SEJ-000199,PAT-00147,2023-07-23 00:53:05,2023-07-26 00:53:05,99,Pneumologie,Urgent,04M02,Domicile,0
SEJ-000200,PAT-00148,2023-12-04 20:03:20,2023-12-07 20:03:20,3,Chirurgie,Urgent,09C02,Domicile,0
SEJ-000201,PAT-00149,2023-11-20 03:41:38,2023-11-23 03:41:38,3,MedecineInterne,Urgent,06M06,Transfert,0
SEJ-000202,PAT-00149,2024-08-26 11:48:06,2024-08-30 11:48:06,4,Pneumologie,Urgent,04M05,EHPAD,0
SEJ-000203,PAT-00150,2024-07-25 15:48:02,2024-07-28 15:48:02,3,SoinsContinus,Programmé,25Z03,EHPAD,0
SEJ-000204,PAT-00151,2023-11-13 03:14:04,2023-11-16 03:14:04,3,Cardiologie,Urgent,05M09,Domicile,0
SEJ-000205,PAT-00152,2024-11-17 19:39:02,2024-11-20 19:39:02,3,Cardiologie,Urgent,05M02,Deces,0
SEJ-000206,PAT-00153,2024-10-09 09:30:14,2024-10-19 09:30:14,10,Cardiologie,Programmé,05M09,Domicile,0
SEJ-000207,PAT-00154,2024-04-07 07:29:18,2024-04-12 07:29:18,5,MedecineInterne,Programmé,06M06,Domicile,1
SEJ-000208,PAT-00155,2023-07-03 00:40:12,2023-07-06 00:40:12,3,Pneumologie,Programmé,07M04,Transfert,0
SEJ-000209,PAT-00155,2024-03-11 12:08:39,2024-03-15 12:08:39,4,Cardiologie,Urgent,05M02,Domicile,0
SEJ-000210,PAT-00156,2023-11-28 08:11:33,2023-12-09 08:11:33,11,MedecineInterne,Urgent,25Z03,Transfert,1
SEJ-000211,PAT-00156,2024-06-14 09:30:31,2024-06-21 09:30:31,7,Cardiologie,Urgent,05M02,Deces,1
SEJ-000212,PAT-00157,2024-02-29 08:17:33,2024-03-05 08:17:33,5,SoinsContinus,Urgent,25Z03,Deces,1
SEJ-000213,PAT-00158,2023-09-14 16:25:23,2023-09-24 16:25:23,10,Chirurgie,Urgent,09C02,Domicile,0
SEJ-000214,PAT-00159,2024-04-07 04:31:36,2024-04-12 04:31:36,5,MedecineInterne,Urgent,01M02,Domicile,0
SEJ-000215,PAT-00160,2024-05-14 21:07:08,2024-05-21 21:07:08,7,Urgences,Urgent,01M02,Domicile,1
SEJ-000216,PAT-00160,2024-11-07 22:12:57,2024-11-09 22:12:57,2,MedecineInterne,Urgent,01M02,Domicile,1
SEJ-000217,PAT-00161,2023-10-24 12:58:02,2023-10-29 12:58:02,5,Chirurgie,Urgent,10C04,Domicile,0
SEJ-000218,PAT-00162,2023-08-31 06:41:41,2023-09-01 06:41:41,1,MedecineInterne,Urgent,25Z03,Deces,0
SEJ-000219,PAT-00162,2024-06-10 07:50:45,2024-06-12 07:50:45,2,MedecineInterne,Urgent,25Z03,Transfert,0
SEJ-000220,PAT-00163,2023-09-23 09:43:57,2023-09-27 09:43:57,4,MedecineInterne,Urgent,25Z03,Transfert,0
SEJ-000221,PAT-00164,2024-11-05 23:10:15,2024-11-12 23:10:15,7,Cardiologie,Urgent,05K05,Domicile,1
SEJ-000222,PAT-00165,2024-06-26 23:21:10,2024-06-30 23:21:10,4,MedecineInterne,Urgent,25Z03,Domicile,1
SEJ-000223,PAT-00165,2024-11-12 17:05:58,2024-11-16 17:05:58,4,MedecineInterne,Programmé,01M02,Domicile,0
SEJ-000224,PAT-00166,2023-08-09 15:22:34,2023-08-22 15:22:34,13,Chirurgie,Programmé,09C02,Domicile,0
SEJ-000225,PAT-00167,2024-05-29 02:43:33,2024-06-01 02:43:33,3,Cardiologie,Programmé,05K05,Domicile,0
SEJ-000226,PAT-00168,2024-04-18 07:38:46,2024-04-22 07:38:46,4,MedecineInterne,Urgent,25Z03,Deces,0
SEJ-000227,PAT-00169,2024-04-10 06:51:43,2024-04-21 06:51:43,11,MedecineInterne,Urgent,01M02,Domicile,0
SEJ-000228,PAT-00170,2023-12-27 00:07:10,2024-01-01 00:07:10,5,SoinsContinus,Programmé,25Z03,Transfert,0
SEJ-000229,PAT-00171,2024-08-08 12:05:15,2024-08-15 12:05:15,7,Chirurgie,Urgent,10C04,Transfert,0
SEJ-000230,PAT-00172,2023-09-26 10:47:36,2023-10-02 10:47:36,6,SoinsContinus,Programmé,25Z03,Domicile,0
SEJ-000231,PAT-00173,2023-08-14 12:18:32,2023-08-20 12:18:32,6,MedecineInterne,Urgent,25Z03,Domicile,0
SEJ-000232,PAT-00173,2024-06-07 05:31:14,2024-06-16 05:31:14,9,Pneumologie,Programmé,04M05,EHPAD,0
SEJ-000233,PAT-00173,2024-11-18 14:14:35,2024-11-21 14:14:35,3,SoinsContinus,Urgent,24Z08,Transfert,0
SEJ-000234,PAT-00174,2024-11-10 23:17:53,2024-11-11 23:17:53,1,MedecineInterne,Urgent,06M06,Domicile,0
SEJ-000235,PAT-00175,2024-04-05 02:13:35,2024-04-12 02:13:35,7,Pneumologie,Programmé,07M04,Domicile,1
SEJ-000236,PAT-00176,2024-03-02 02:14:47,2024-03-08 02:14:47,6,Urgences,Programmé,24Z08,HAD,0
SEJ-000237,PAT-00176,2024-08-25 13:42:45,2024-09-05 13:42:45,11,MedecineInterne,Programmé,25Z03,Deces,0
SEJ-000238,PAT-00177,2024-10-16 11:56:52,2024-10-27 11:56:52,0,MedecineInterne,Urgent,01M02,HAD,1
SEJ-000239,PAT-00178,2024-02-02 22:56:48,2024-02-06 22:56:48,4,Chirurgie,Urgent,10C04,Domicile,0
SEJ-000240,PAT-00179,2023-07-15 06:50:57,2023-07-28 06:50:57,13,Cardiologie,Urgent,05M02,Transfert,0
SEJ-000241,PAT-00179,2024-11-26 11:30:36,2024-11-28 11:30:36,2,Pneumologie,Programmé,04M02,Deces,0
SEJ-000242,PAT-00180,2024-11-15 03:29:59,2024-11-20 03:29:59,5,Cardiologie,Urgent,05K05,Domicile,1
SEJ-000243,PAT-00181,2023-11-27 07:42:53,2023-12-04 07:42:53,7,Chirurgie,Urgent,09C08,Domicile,0
SEJ-000244,PAT-00182,2024-03-11 06:16:12,2024-03-15 06:16:12,4,Pneumologie,Urgent,04M02,Transfert,0
SEJ-000245,PAT-00183,2024-08-26 16:21:31,2024-08-27 16:21:31,1,Cardiologie,Urgent,05M09,Transfert,0
SEJ-000246,PAT-00184,2024-11-06 23:32:43,2024-11-09 23:32:43,3,Cardiologie,Urgent,05K05,Domicile,1
SEJ-000247,PAT-00185,2024-07-30 22:28:50,2024-08-01 22:28:50,2,Cardiologie,Urgent,05K05,Transfert,0
SEJ-000248,PAT-00186,2023-10-30 20:45:05,2023-11-03 20:45:05,4,MedecineInterne,Programmé,25Z03,Domicile,0
SEJ-000249,PAT-00186,2024-08-18 02:50:05,2024-08-24 02:50:05,6,Pneumologie,Programmé,04M05,Domicile,0
SEJ-000250,PAT-00187,2024-06-07 06:35:18,2024-06-24 06:35:18,17,Pneumologie,Programmé,07M04,EHPAD,0
SEJ-000251,PAT-00188,2024-07-01 08:43:00,2024-07-12 08:43:00,11,Cardiologie,Urgent,05K05,Deces,1
SEJ-000252,PAT-00188,2024-09-21 00:42:56,2024-10-08 00:42:56,17,Pneumologie,Programmé,07M04,Domicile,0
SEJ-000253,PAT-00189,2024-07-06 23:34:07,2024-07-09 23:34:07,3,Urgences,Urgent,24Z08,Deces,0
SEJ-000254,PAT-00189,2024-10-02 06:11:07,2024-10-09 06:11:07,7,Cardiologie,Urgent,05M09,Domicile,0
SEJ-000255,PAT-00190,2023-08-02 14:10:04,2023-08-04 14:10:04,-1,Chirurgie,Urgent,10C04,Domicile,0
SEJ-000256,PAT-00191,2023-12-06 12:16:32,2023-12-11 12:16:32,5,MedecineInterne,Urgent,06M06,Transfert,0
SEJ-000257,PAT-00191,2024-05-09 20:48:56,2024-05-10 20:48:56,1,Urgences,Urgent,01M02,Domicile,0
SEJ-000258,PAT-00191,2024-09-26 00:44:47,2024-10-03 00:44:47,7,MedecineInterne,Urgent,25Z03,Transfert,0
SEJ-000259,PAT-00192,2023-10-27 23:01:33,2023-11-06 23:01:33,10,MedecineInterne,Urgent,01M02,Deces,0
SEJ-000260,PAT-00193,2024-05-09 23:39:08,2024-05-11 23:39:08,2,Pneumologie,Urgent,07M04,Domicile,0
SEJ-000261,PAT-00194,2024-05-04 14:32:48,2024-05-06 14:32:48,2,Urgences,Programmé,01M02,Domicile,1
SEJ-000262,PAT-00195,2024-07-12 14:14:29,2024-07-14 14:14:29,2,MedecineInterne,Urgent,06M06,EHPAD,0
SEJ-000263,PAT-00196,2024-06-09 16:20:28,2024-06-12 16:20:28,3,Chirurgie,Urgent,10C04,HAD,0
SEJ-000264,PAT-00196,2024-10-06 20:07:46,2024-10-13 20:07:46,7,Urgences,Programmé,24Z08,Deces,0
SEJ-000265,PAT-00197,2024-04-03 01:25:47,2024-04-10 01:25:47,7,MedecineInterne,Urgent,06M06,Domicile,0
SEJ-000266,PAT-00198,2023-08-11 11:19:50,2023-08-16 11:19:50,5,Urgences,Programmé,24Z08,HAD,0
SEJ-000267,PAT-00198,2023-12-11 10:47:21,2023-12-13 10:47:21,2,Chirurgie,Programmé,09C02,Domicile,0
SEJ-000268,PAT-00199,2023-11-25 15:45:23,2023-11-30 15:45:23,5,Chirurgie,Urgent,10C04,Domicile,1
SEJ-000269,PAT-00200,2024-06-30 01:42:41,2024-07-04 01:42:41,4,SoinsContinus,Urgent,25Z03,HAD,0
SEJ-000270,PAT-00200,2024-10-07 07:05:51,2024-10-11 07:05:51,4,Cardiologie,Programmé,05M02,Deces,0
SEJ-000271,PAT-00200,2024-11-18 12:16:54,2024-11-27 12:16:54,9,Pneumologie,Programmé,04M05,HAD,0
SEJ-000272,PAT-00201,2024-10-05 10:58:44,2024-10-06 10:58:44,1,MedecineInterne,Urgent,25Z03,Domicile,0
SEJ-000273,PAT-00202,2024-01-27 11:31:48,2024-01-30 11:31:48,3,MedecineInterne,Urgent,25Z03,Domicile,0
SEJ-000274,PAT-00203,2023-10-13 10:04:41,2023-10-14 10:04:41,1,Chirurgie,Urgent,10C04,Deces,0
SEJ-000275,PAT-00204,2024-03-11 01:46:39,2024-03-14 01:46:39,3,Pneumologie,Urgent,04M02,EHPAD,0
SEJ-000276,PAT-00204,2024-10-04 06:06:32,2024-10-17 06:06:32,13,MedecineInterne,Urgent,01M02,Domicile,0
SEJ-000277,PAT-00205,2024-09-03 23:31:11,2024-09-06 23:31:11,3,Cardiologie,Urgent,05M02,Domicile,0
SEJ-000278,PAT-00206,2023-09-04 05:35:56,2023-09-08 05:35:56,4,Chirurgie,Urgent,09C02,Domicile,0
SEJ-000279,PAT-00207,2024-07-28 20:03:00,2024-08-06 20:03:00,9,Urgences,Urgent,24Z08,Deces,0
SEJ-000280,PAT-00208,2024-05-17 01:36:32,2024-05-27 01:36:32,10,MedecineInterne,Urgent,25Z03,Transfert,0
SEJ-000281,PAT-00208,2024-11-11 07:59:48,2024-11-20 07:59:48,9,SoinsContinus,Programmé,25Z03,Domicile,1
SEJ-000282,PAT-00209,2024-03-07 20:09:58,2024-03-10 20:09:58,3,SoinsContinus,Programmé,24Z08,Domicile,1
SEJ-000283,PAT-00210,2024-08-22 21:49:02,2024-08-28 21:49:02,6,Pneumologie,Programmé,04M02,Deces,1
SEJ-000284,PAT-00211,2024-07-28 14:56:32,2024-07-29 14:56:32,1,SoinsContinus,Programmé,25Z03,Domicile,0
SEJ-000285,PAT-00211,2024-11-06 09:53:16,2024-11-09 09:53:16,3,MedecineInterne,Urgent,25Z03,EHPAD,0
SEJ-000286,PAT-00212,2023-07-21 17:03:22,2023-07-25 17:03:22,4,SoinsContinus,Programmé,24Z08,Deces,0
SEJ-000287,PAT-00213,2024-09-10 20:35:44,2024-09-20 20:35:44,10,Pneumologie,Programmé,04M02,Transfert,0
SEJ-000288,PAT-00214,2023-12-25 15:45:06,2024-01-06 15:45:06,12,Chirurgie,Urgent,09C08,EHPAD,1
SEJ-000289,PAT-00215,2024-04-06 15:56:28,2024-05-01 15:56:28,25,Cardiologie,Programmé,05M09,Transfert,0
SEJ-000290,PAT-00216,2024-05-27 23:32:27,2024-05-29 23:32:27,2,Chirurgie,Programmé,10C04,Domicile,0
SEJ-000291,PAT-00216,2024-11-27 10:05:11,2024-11-30 00:00:00,2,MedecineInterne,Urgent,25Z03,Transfert,0
SEJ-000292,PAT-00217,2024-08-26 23:30:55,2024-08-31 23:30:55,5,SoinsContinus,Urgent,25Z03,Transfert,0
SEJ-000293,PAT-00217,2024-11-28 07:45:46,2024-11-30 00:00:00,1,SoinsContinus,Urgent,24Z08,EHPAD,0
SEJ-000294,PAT-00218,2024-02-06 17:40:00,2024-02-08 17:40:00,2,MedecineInterne,Urgent,06M06,Domicile,0
SEJ-000295,PAT-00219,2024-05-21 20:07:19,2024-06-06 20:07:19,16,Pneumologie,Urgent,04M05,Domicile,0
SEJ-000296,PAT-00220,2024-03-13 15:50:04,2024-03-18 15:50:04,5,Urgences,Urgent,01M02,EHPAD,0
SEJ-000297,PAT-00220,2024-09-14 04:58:00,2024-09-17 04:58:00,3,Cardiologie,Urgent,05M02,Transfert,0
SEJ-000298,PAT-00221,2024-11-25 20:41:46,2024-11-29 20:41:46,4,Chirurgie,Urgent,10C04,Domicile,1
SEJ-000299,PAT-00222,2024-04-16 13:54:30,2024-04-17 13:54:30,1,Cardiologie,Urgent,05K05,Transfert,0
SEJ-000300,PAT-00223,2023-10-17 23:19:14,2023-10-19 23:19:14,2,Cardiologie,Urgent,05M02,Deces,1
SEJ-000301,PAT-00224,2024-10-13 13:25:42,2024-10-18 13:25:42,5,MedecineInterne,Urgent,06M06,Domicile,0
SEJ-000302,PAT-00225,2023-12-05 22:10:59,2023-12-08 22:10:59,3,Pneumologie,Urgent,04M02,Domicile,0
SEJ-000303,PAT-00225,2024-09-10 05:58:19,2024-09-13 05:58:19,3,SoinsContinus,Urgent,24Z08,HAD,0
SEJ-000304,PAT-00226,2024-02-26 15:06:01,2024-03-05 15:06:01,8,Chirurgie,Programmé,09C08,Transfert,1
SEJ-000305,PAT-00226,2024-07-05 16:39:21,2024-07-07 16:39:21,2,SoinsContinus,Programmé,25Z03,Domicile,1
SEJ-000306,PAT-00227,2024-04-01 07:49:33,2024-04-03 07:49:33,2,Pneumologie,Programmé,04M05,EHPAD,0
SEJ-000307,PAT-00228,2023-08-28 16:01:05,2023-09-02 16:01:05,5,Chirurgie,Urgent,10C04,Deces,0
SEJ-000308,PAT-00229,2023-12-24 04:40:20,2023-12-28 04:40:20,4,MedecineInterne,Urgent,01M02,HAD,1
SEJ-000309,PAT-00230,2024-05-23 13:34:22,2024-05-29 13:34:22,6,Cardiologie,Urgent,05M09,Transfert,1
SEJ-000310,PAT-00230,2024-11-02 20:47:12,2024-11-06 20:47:12,4,SoinsContinus,Programmé,24Z08,Deces,0
SEJ-000311,PAT-00231,2023-08-26 14:36:49,2023-09-02 14:36:49,7,MedecineInterne,Urgent,06M06,Transfert,0
SEJ-000312,PAT-00232,2023-09-04 06:17:26,2023-09-09 06:17:26,5,Urgences,Urgent,01M02,Domicile,0
SEJ-000313,PAT-00232,2024-06-01 20:06:53,2024-06-07 20:06:53,-3,MedecineInterne,Urgent,25Z03,Domicile,0
SEJ-000314,PAT-00233,2023-12-29 08:11:48,2024-01-02 08:11:48,4,Urgences,Programmé,01M02,EHPAD,0
SEJ-000315,PAT-00233,2024-07-13 01:20:38,2024-07-17 01:20:38,4,MedecineInterne,Programmé,01M02,HAD,0
SEJ-000316,PAT-00234,2023-07-09 14:45:27,2023-07-11 14:45:27,2,Urgences,Programmé,24Z08,Domicile,0
SEJ-000317,PAT-00235,2024-02-05 04:06:20,2024-02-07 04:06:20,2,SoinsContinus,Urgent,24Z08,Transfert,0
SEJ-000318,PAT-00236,2024-11-13 11:44:15,2024-11-16 11:44:15,3,Chirurgie,Urgent,10C04,Domicile,0
SEJ-000319,PAT-00237,2024-03-29 17:19:39,2024-04-07 17:19:39,9,Cardiologie,Urgent,05M02,Domicile,0
SEJ-000320,PAT-00237,2024-07-16 05:06:26,2024-07-23 05:06:26,7,MedecineInterne,Programmé,25Z03,Deces,0
SEJ-000321,PAT-00238,2023-07-26 19:28:09,2023-08-01 19:28:09,6,Cardiologie,Urgent,05M02,Domicile,0
SEJ-000322,PAT-00238,2024-06-02 15:29:24,2024-06-12 15:29:24,10,Urgences,Urgent,01M02,EHPAD,0
SEJ-000323,PAT-00239,2024-07-06 21:53:32,2024-07-13 21:53:32,7,Pneumologie,Urgent,07M04,Domicile,0
SEJ-000324,PAT-00239,2024-10-18 01:17:35,2024-10-23 01:17:35,5,Chirurgie,Urgent,09C02,HAD,0
SEJ-000325,PAT-00240,2024-10-06 17:00:21,2024-10-13 17:00:21,7,SoinsContinus,Urgent,25Z03,Deces,0
SEJ-000326,PAT-00241,2023-12-09 19:01:19,2023-12-18 19:01:19,9,Pneumologie,Urgent,07M04,EHPAD,0
SEJ-000327,PAT-00241,2024-02-27 13:36:59,2024-02-29 13:36:59,2,MedecineInterne,Programmé,06M06,Domicile,1
SEJ-000328,PAT-00242,2024-06-15 07:32:13,2024-06-17 07:32:13,2,Pneumologie,Programmé,04M02,Domicile,0
SEJ-000329,PAT-00243,2024-06-02 21:09:43,2024-06-05 21:09:43,-3,MedecineInterne,Programmé,25Z03,Deces,0
SEJ-000330,PAT-00244,2024-11-27 00:35:53,2024-11-29 00:35:53,2,Cardiologie,Urgent,05K05,Domicile,1
SEJ-000331,PAT-00245,2024-03-19 15:35:20,2024-03-23 15:35:20,4,Chirurgie,Programmé,09C02,EHPAD,0
SEJ-000332,PAT-00245,2024-08-14 17:45:47,2024-08-22 17:45:47,-1,Cardiologie,Urgent,05K05,HAD,0
SEJ-000333,PAT-00246,2023-07-01 14:47:59,2023-07-05 14:47:59,4,Chirurgie,Urgent,09C08,Domicile,0
SEJ-000334,PAT-00246,2023-10-04 21:07:54,2023-10-10 21:07:54,6,Cardiologie,Urgent,05M02,Domicile,1
SEJ-000335,PAT-00247,2024-06-20 06:21:08,2024-06-22 06:21:08,2,Urgences,Urgent,24Z08,Transfert,0
SEJ-000336,PAT-00247,2024-11-11 05:39:21,2024-11-27 05:39:21,16,SoinsContinus,Urgent,24Z08,Transfert,1
SEJ-000337,PAT-00248,2024-02-13 00:35:30,2024-02-26 00:35:30,0,SoinsContinus,Programmé,24Z08,Domicile,0
SEJ-000338,PAT-00248,2024-06-27 17:35:25,2024-07-01 17:35:25,4,Cardiologie,Programmé,05K05,Domicile,0
SEJ-000339,PAT-00249,2024-06-28 19:08:53,2024-06-30 19:08:53,-1,MedecineInterne,Programmé,01M02,Domicile,0
SEJ-000340,PAT-00249,2024-11-19 02:17:54,2024-11-21 02:17:54,2,Chirurgie,Programmé,10C04,Domicile,0
SEJ-000341,PAT-00250,2023-12-01 01:27:09,2023-12-05 01:27:09,4,MedecineInterne,Urgent,01M02,Transfert,0
SEJ-000342,PAT-00250,2024-11-09 09:28:14,2024-11-15 09:28:14,6,MedecineInterne,Programmé,25Z03,EHPAD,0
SEJ-000343,PAT-00251,2024-11-10 18:52:47,2024-11-12 18:52:47,2,MedecineInterne,Programmé,06M06,Domicile,1
SEJ-000344,PAT-00252,2024-05-11 20:46:58,2024-05-15 20:46:58,4,MedecineInterne,Programmé,06M06,Domicile,0
SEJ-000345,PAT-00253,2024-07-29 00:55:17,2024-08-10 00:55:17,12,Cardiologie,Urgent,05M09,Domicile,0
SEJ-000346,PAT-00254,2023-09-22 01:55:17,2023-09-26 01:55:17,4,Cardiologie,Urgent,05M09,Deces,0
SEJ-000347,PAT-00254,2024-01-18 18:23:49,2024-01-21 18:23:49,3,SoinsContinus,Urgent,25Z03,Domicile,1
SEJ-000348,PAT-00255,2023-07-06 13:42:39,2023-07-24 13:42:39,18,MedecineInterne,Programmé,06M06,Domicile,0
SEJ-000349,PAT-00255,2024-05-05 08:21:52,2024-05-06 08:21:52,1,MedecineInterne,Urgent,01M02,Domicile,0
SEJ-000350,PAT-00256,2024-09-09 04:00:08,2024-09-13 04:00:08,4,Chirurgie,Urgent,09C02,Transfert,0
SEJ-000351,PAT-00257,2024-06-15 23:22:45,2024-06-30 23:22:45,15,Chirurgie,Urgent,09C08,Transfert,0
SEJ-000352,PAT-00257,2024-11-25 05:40:52,2024-11-30 00:00:00,4,Urgences,Urgent,01M02,Domicile,0
SEJ-000353,PAT-00258,2024-07-15 16:45:38,2024-07-26 16:45:38,11,MedecineInterne,Programmé,25Z03,Domicile,0
SEJ-000354,PAT-00259,2024-06-09 05:38:21,2024-06-12 05:38:21,3,MedecineInterne,Urgent,06M06,HAD,0
SEJ-000355,PAT-00260,2024-08-19 03:25:52,2024-08-25 03:25:52,6,Cardiologie,Programmé,05K05,Domicile,0
SEJ-000356,PAT-00261,2024-04-08 00:00:42,2024-04-21 00:00:42,13,SoinsContinus,Urgent,24Z08,Domicile,1
SEJ-000357,PAT-00262,2023-11-18 19:27:47,2023-11-20 19:27:47,2,Pneumologie,Urgent,04M02,EHPAD,0
SEJ-000358,PAT-00263,2024-10-01 14:02:57,2024-10-07 14:02:57,6,Chirurgie,Urgent,09C02,Domicile,0
SEJ-000359,PAT-00264,2024-03-20 06:36:25,2024-03-26 06:36:25,6,MedecineInterne,Programmé,01M02,Transfert,0
SEJ-000360,PAT-00264,2024-05-15 14:43:20,2024-05-18 14:43:20,3,Pneumologie,Urgent,04M05,Domicile,0
SEJ-000361,PAT-00265,2024-06-19 23:13:16,2024-06-23 23:13:16,4,Urgences,Urgent,01M02,HAD,0
SEJ-000362,PAT-00266,2024-08-09 08:08:21,2024-08-11 08:08:21,2,SoinsContinus,Urgent,24Z08,Transfert,0
SEJ-000363,PAT-00267,2024-04-09 01:24:45,2024-04-15 01:24:45,6,Pneumologie,Urgent,04M05,Domicile,1
SEJ-000364,PAT-00267,2024-09-06 07:28:21,2024-09-21 07:28:21,15,Cardiologie,Urgent,05M02,Deces,0
SEJ-000365,PAT-00268,2023-11-29 03:13:29,2023-12-10 03:13:29,11,Chirurgie,Programmé,09C08,Domicile,0
SEJ-000366,PAT-00268,2024-01-26 20:27:21,2024-01-30 20:27:21,4,Cardiologie,Urgent,05M09,Domicile,1
SEJ-000367,PAT-00269,2023-09-16 07:18:45,2023-09-20 07:18:45,4,MedecineInterne,Urgent,01M02,Transfert,0
SEJ-000368,PAT-00269,2024-04-10 01:30:44,2024-04-23 01:30:44,13,Urgences,Urgent,01M02,EHPAD,0
SEJ-000369,PAT-00269,2024-10-01 17:03:02,2024-10-07 17:03:02,6,Chirurgie,Urgent,09C02,EHPAD,0
SEJ-000370,PAT-00270,2023-10-27 19:42:43,2023-10-30 19:42:43,3,Urgences,Urgent,24Z08,Deces,0
SEJ-000371,PAT-00270,2024-07-17 05:37:00,2024-07-21 05:37:00,4,SoinsContinus,Urgent,24Z08,HAD,0
SEJ-000372,PAT-00270,2024-11-02 10:13:01,2024-11-22 10:13:01,20,Cardiologie,Programmé,05M02,Domicile,0
SEJ-000373,PAT-00271,2024-01-03 16:21:45,2024-01-04 16:21:45,1,Chirurgie,Urgent,10C04,HAD,0
SEJ-000374,PAT-00271,2024-11-11 21:48:32,2024-11-14 21:48:32,3,Chirurgie,Urgent,10C04,Transfert,0
SEJ-000375,PAT-00272,2024-10-15 01:56:04,2024-10-22 01:56:04,7,Cardiologie,Urgent,05M09,Deces,0
SEJ-000376,PAT-00273,2024-03-21 16:14:39,2024-03-30 16:14:39,9,Pneumologie,Urgent,04M05,Domicile,0
SEJ-000377,PAT-00273,2024-09-07 12:31:27,2024-09-20 12:31:27,13,Chirurgie,Programmé,10C04,EHPAD,0
SEJ-000378,PAT-00274,2024-10-05 05:44:48,2024-10-23 05:44:48,18,Urgences,Urgent,24Z08,Deces,0
SEJ-000379,PAT-00275,2024-04-04 10:34:35,2024-04-07 10:34:35,3,MedecineInterne,Urgent,01M02,Domicile,0
SEJ-000380,PAT-00276,2023-12-28 21:07:31,2024-01-08 21:07:31,11,Cardiologie,Programmé,05M09,Transfert,1
SEJ-000381,PAT-00276,2024-11-24 04:43:14,2024-11-30 00:00:00,5,MedecineInterne,Programmé,01M02,Domicile,0
SEJ-000382,PAT-00277,2024-08-21 20:30:47,2024-08-23 20:30:47,2,SoinsContinus,Urgent,24Z08,Domicile,1
SEJ-000383,PAT-00278,2024-07-05 22:10:13,2024-07-08 22:10:13,-3,SoinsContinus,Urgent,25Z03,Domicile,0
SEJ-000384,PAT-00278,2024-10-14 10:39:03,2024-10-18 10:39:03,4,MedecineInterne,Urgent,06M06,Domicile,0
SEJ-000385,PAT-00278,2024-11-26 12:22:34,2024-11-28 12:22:34,2,SoinsContinus,Programmé,25Z03,Domicile,0
SEJ-000386,PAT-00279,2023-10-15 03:06:09,2023-10-16 03:06:09,1,SoinsContinus,Urgent,25Z03,Transfert,1
SEJ-000387,PAT-00279,2024-01-27 17:44:11,2024-01-30 17:44:11,3,Cardiologie,Programmé,05M02,Transfert,0
SEJ-000388,PAT-00280,2024-02-28 20:57:34,2024-02-29 20:57:34,1,Cardiologie,Urgent,05K05,Domicile,0
SEJ-000389,PAT-00281,2024-03-11 07:15:15,2024-03-14 07:15:15,3,Pneumologie,Urgent,04M02,Domicile,0
SEJ-000390,PAT-00282,2024-11-25 02:02:49,2024-11-30 00:00:00,4,MedecineInterne,Programmé,01M02,Domicile,0
SEJ-000391,PAT-00283,2024-09-21 00:16:08,2024-09-22 00:16:08,1,MedecineInterne,Urgent,01M02,Deces,0
SEJ-000392,PAT-00284,2024-07-21 08:48:05,2024-07-24 08:48:05,3,MedecineInterne,Programmé,06M06,Domicile,0
SEJ-000393,PAT-00285,2024-11-14 20:47:48,2024-11-16 20:47:48,2,Cardiologie,Urgent,05M02,Transfert,1
SEJ-000394,PAT-00286,2024-11-17 01:11:21,2024-11-21 01:11:21,4,MedecineInterne,Programmé,25Z03,Domicile,0
SEJ-000395,PAT-00287,2023-08-30 19:43:24,2023-09-05 19:43:24,99,MedecineInterne,Urgent,01M02,Domicile,0
SEJ-000396,PAT-00287,2024-06-25 21:37:19,2024-07-02 21:37:19,7,MedecineInterne,Programmé,06M06,Domicile,0
SEJ-000397,PAT-00288,2024-02-22 04:52:56,2024-02-24 04:52:56,2,Urgences,Programmé,24Z08,Transfert,0
SEJ-000398,PAT-00288,2024-05-25 00:29:57,2024-06-02 00:29:57,8,MedecineInterne,Urgent,06M06,EHPAD,0
SEJ-000399,PAT-00289,2024-01-10 13:12:47,2024-01-13 13:12:47,0,Cardiologie,Urgent,05M09,Deces,0
SEJ-000400,PAT-00289,2024-02-23 05:04:53,2024-02-26 05:04:53,3,MedecineInterne,Urgent,25Z03,Deces,0
SEJ-000401,PAT-00290,2023-09-24 13:17:24,2023-09-27 13:17:24,3,Pneumologie,Programmé,04M05,Domicile,0
SEJ-000402,PAT-00291,2023-12-04 00:48:39,2023-12-06 00:48:39,2,SoinsContinus,Urgent,24Z08,HAD,1
SEJ-000403,PAT-00292,2024-07-07 18:07:40,2024-07-08 18:07:40,1,Chirurgie,Urgent,10C04,Domicile,0
SEJ-000404,PAT-00292,2024-11-25 06:25:48,2024-11-29 06:25:48,4,Urgences,Programmé,01M02,Transfert,0
SEJ-000405,PAT-00293,2024-07-24 11:53:02,2024-07-30 11:53:02,6,MedecineInterne,Urgent,25Z03,Domicile,0
SEJ-000406,PAT-00293,2024-09-10 09:32:30,2024-09-17 09:32:30,7,MedecineInterne,Programmé,25Z03,Domicile,1
SEJ-000407,PAT-00294,2024-08-23 00:05:21,2024-08-30 00:05:21,7,Pneumologie,Urgent,07M04,Transfert,1
SEJ-000408,PAT-00295,2023-10-26 19:07:37,2023-10-28 19:07:37,2,Chirurgie,Urgent,09C02,Transfert,0
SEJ-000409,PAT-00295,2024-06-24 20:38:54,2024-06-29 20:38:54,5,Cardiologie,Urgent,05M09,Deces,0
SEJ-000410,PAT-00296,2023-12-17 10:22:57,2023-12-19 10:22:57,2,MedecineInterne,Programmé,01M02,Domicile,0
SEJ-000411,PAT-00297,2024-03-11 06:37:59,2024-03-14 06:37:59,3,SoinsContinus,Urgent,24Z08,Transfert,0
SEJ-000412,PAT-00297,2024-08-21 01:09:56,2024-08-26 01:09:56,5,Cardiologie,Urgent,05M02,Domicile,0
SEJ-000413,PAT-00298,2024-07-16 18:02:09,2024-07-18 18:02:09,2,Cardiologie,Urgent,05K05,Transfert,0
SEJ-000414,PAT-00299,2024-05-11 01:33:19,2024-05-16 01:33:19,5,Pneumologie,Urgent,04M02,EHPAD,1
SEJ-000415,PAT-00300,2023-08-21 07:39:27,2023-08-24 07:39:27,3,Chirurgie,Urgent,10C04,Transfert,0
SEJ-000416,PAT-00300,2023-11-24 10:23:52,2023-11-27 10:23:52,3,Chirurgie,Urgent,09C02,Domicile,0
SEJ-000417,PAT-00301,2023-07-25 15:42:15,2023-07-28 15:42:15,3,Pneumologie,Urgent,07M04,Domicile,0
SEJ-000418,PAT-00302,2024-04-09 04:46:23,2024-04-18 04:46:23,9,SoinsContinus,Urgent,25Z03,Domicile,0
SEJ-000419,PAT-00303,2024-08-14 23:24:54,2024-08-20 23:24:54,6,SoinsContinus,Programmé,25Z03,Domicile,1
SEJ-000420,PAT-00303,2024-11-10 12:58:56,2024-11-12 12:58:56,2,Cardiologie,Urgent,05M02,Deces,1
SEJ-000421,PAT-00304,2024-10-19 12:23:07,2024-10-23 12:23:07,4,Cardiologie,Urgent,05M02,Domicile,0
SEJ-000422,PAT-00305,2024-02-07 02:22:06,2024-02-10 02:22:06,3,Pneumologie,Urgent,04M05,Domicile,0
SEJ-000423,PAT-00306,2023-12-13 07:31:59,2023-12-14 07:31:59,-1,Urgences,Programmé,01M02,Transfert,0
SEJ-000424,PAT-00307,2024-01-08 22:34:54,2024-01-18 22:34:54,40,Cardiologie,Programmé,05K05,HAD,0
SEJ-000425,PAT-00307,2024-09-22 18:00:46,2024-09-25 18:00:46,3,MedecineInterne,Urgent,06M06,Domicile,0
SEJ-000426,PAT-00308,2024-07-10 06:00:43,2024-07-12 06:00:43,2,MedecineInterne,Programmé,06M06,Domicile,0
SEJ-000427,PAT-00309,2024-06-29 01:11:26,2024-07-06 01:11:26,7,MedecineInterne,Urgent,01M02,HAD,0
SEJ-000428,PAT-00309,2024-10-23 15:11:43,2024-10-31 15:11:43,8,Cardiologie,Urgent,05M02,Domicile,0
SEJ-000429,PAT-00310,2023-12-23 14:22:58,2024-01-09 14:22:58,17,MedecineInterne,Urgent,01M02,Domicile,0
SEJ-000430,PAT-00311,2024-07-17 04:49:28,2024-07-23 04:49:28,6,Urgences,Urgent,24Z08,HAD,0
SEJ-000431,PAT-00312,2023-08-11 17:09:20,2023-08-13 17:09:20,2,Urgences,Urgent,01M02,Domicile,0
SEJ-000432,PAT-00313,2023-08-12 15:38:54,2023-08-17 15:38:54,5,Cardiologie,Programmé,05K05,Domicile,0
SEJ-000433,PAT-00313,2024-03-20 08:18:30,2024-03-23 08:18:30,3,MedecineInterne,Urgent,06M06,EHPAD,0
SEJ-000434,PAT-00313,2024-08-13 18:01:00,2024-08-20 18:01:00,7,Cardiologie,Urgent,05K05,Domicile,0
SEJ-000435,PAT-00314,2023-10-09 06:15:02,2023-10-13 06:15:02,-1,SoinsContinus,Programmé,24Z08,Domicile,0
SEJ-000436,PAT-00314,2024-07-07 12:09:39,2024-07-08 12:09:39,1,SoinsContinus,Urgent,24Z08,Transfert,0
SEJ-000437,PAT-00315,2024-04-29 11:59:28,2024-05-04 11:59:28,5,Chirurgie,Programmé,09C08,Domicile,0
SEJ-000438,PAT-00315,2024-08-31 18:36:33,2024-09-03 18:36:33,0,MedecineInterne,Urgent,25Z03,Domicile,0
SEJ-000439,PAT-00315,2024-11-21 11:11:47,2024-11-24 11:11:47,3,Pneumologie,Urgent,07M04,HAD,0
SEJ-000440,PAT-00316,2023-07-01 01:21:09,2023-07-06 01:21:09,5,MedecineInterne,Programmé,25Z03,HAD,0
SEJ-000441,PAT-00316,2024-01-02 16:46:37,2024-01-06 16:46:37,4,MedecineInterne,Urgent,01M02,Domicile,1
SEJ-000442,PAT-00317,2024-09-11 05:08:14,2024-09-19 05:08:14,8,Cardiologie,Urgent,05M02,Domicile,0
SEJ-000443,PAT-00318,2024-04-01 03:43:29,2024-04-03 03:43:29,2,Pneumologie,Programmé,04M02,Domicile,0
SEJ-000444,PAT-00318,2024-08-01 03:06:16,2024-08-05 03:06:16,4,SoinsContinus,Programmé,25Z03,HAD,0
SEJ-000445,PAT-00319,2024-10-31 12:18:54,2024-11-05 12:18:54,5,SoinsContinus,Urgent,24Z08,HAD,0
SEJ-000446,PAT-00320,2024-10-06 14:49:29,2024-10-13 14:49:29,7,SoinsContinus,Programmé,25Z03,Domicile,0
SEJ-000447,PAT-00321,2023-10-28 15:52:50,2023-11-08 15:52:50,11,Cardiologie,Urgent,05M09,Transfert,0
SEJ-000448,PAT-00321,2024-11-12 22:47:11,2024-11-21 22:47:11,9,Cardiologie,Urgent,05K05,Domicile,0
SEJ-000449,PAT-00322,2024-11-09 02:04:38,2024-11-14 02:04:38,5,Pneumologie,Urgent,07M04,Deces,0
SEJ-000450,PAT-00323,2023-12-06 04:28:20,2023-12-14 04:28:20,8,Cardiologie,Urgent,05K05,EHPAD,0
SEJ-000451,PAT-00323,2024-06-18 14:02:44,2024-07-02 14:02:44,14,Chirurgie,Urgent,09C02,Transfert,0
SEJ-000452,PAT-00324,2023-08-26 09:25:01,2023-08-29 09:25:01,3,Pneumologie,Urgent,04M02,Domicile,0
SEJ-000453,PAT-00324,2024-10-28 03:47:10,2024-10-31 03:47:10,3,MedecineInterne,Urgent,25Z03,Domicile,0
SEJ-000454,PAT-00325,2024-04-06 14:08:24,2024-04-10 14:08:24,4,MedecineInterne,Urgent,25Z03,Transfert,0
SEJ-000455,PAT-00326,2023-07-24 17:45:08,2023-07-28 17:45:08,4,Pneumologie,Programmé,04M02,Deces,0
SEJ-000456,PAT-00326,2024-07-22 02:43:08,2024-08-03 02:43:08,12,SoinsContinus,Urgent,25Z03,Domicile,0
SEJ-000457,PAT-00327,2024-11-11 03:31:02,2024-11-15 03:31:02,4,Urgences,Programmé,24Z08,EHPAD,0
SEJ-000458,PAT-00328,2024-05-31 09:12:18,2024-06-04 09:12:18,4,SoinsContinus,Programmé,25Z03,Domicile,0
SEJ-000459,PAT-00328,2024-07-19 06:08:50,2024-07-22 06:08:50,3,MedecineInterne,Urgent,25Z03,Domicile,0
SEJ-000460,PAT-00329,2024-11-02 04:39:46,2024-11-07 04:39:46,5,SoinsContinus,Programmé,24Z08,Domicile,0
SEJ-000461,PAT-00330,2024-02-20 21:44:32,2024-02-26 21:44:32,6,Chirurgie,Urgent,09C02,Transfert,1
SEJ-000462,PAT-00331,2023-09-03 14:28:10,2023-09-14 14:28:10,11,MedecineInterne,Programmé,25Z03,Domicile,0
SEJ-000463,PAT-00331,2024-04-20 02:53:48,2024-04-30 02:53:48,10,Pneumologie,Urgent,07M04,EHPAD,0
SEJ-000464,PAT-00332,2024-04-06 02:17:30,2024-04-10 02:17:30,4,MedecineInterne,Programmé,25Z03,HAD,0
SEJ-000465,PAT-00333,2023-08-07 15:43:31,2023-08-19 15:43:31,12,Urgences,Programmé,24Z08,Domicile,0
SEJ-000466,PAT-00334,2024-03-16 12:37:56,2024-04-13 12:37:56,28,MedecineInterne,Urgent,25Z03,Transfert,0
SEJ-000467,PAT-00334,2024-10-30 20:33:20,2024-11-07 20:33:20,8,SoinsContinus,Urgent,24Z08,Deces,0
SEJ-000468,PAT-00335,2024-09-14 10:15:46,2024-09-16 10:15:46,2,Pneumologie,Programmé,07M04,Domicile,0
SEJ-000469,PAT-00336,2023-10-07 00:20:56,2023-10-08 00:20:56,1,MedecineInterne,Urgent,25Z03,Deces,0
SEJ-000470,PAT-00336,2024-09-01 06:14:01,2024-09-11 06:14:01,10,MedecineInterne,Programmé,01M02,Transfert,0
SEJ-000471,PAT-00337,2023-07-08 09:50:51,2023-07-12 09:50:51,4,SoinsContinus,Programmé,25Z03,Domicile,0
SEJ-000472,PAT-00338,2023-08-01 00:00:41,2023-08-05 00:00:41,4,Pneumologie,Urgent,04M05,Transfert,1
SEJ-000473,PAT-00338,2024-03-20 08:13:57,2024-03-23 08:13:57,3,MedecineInterne,Urgent,06M06,Domicile,1
SEJ-000474,PAT-00339,2024-08-28 15:33:32,2024-09-08 15:33:32,11,Pneumologie,Programmé,04M02,Domicile,1
SEJ-000475,PAT-00340,2024-10-27 01:39:39,2024-11-14 01:39:39,18,SoinsContinus,Urgent,25Z03,EHPAD,0
SEJ-000476,PAT-00341,2024-09-26 09:23:42,2024-09-29 09:23:42,3,MedecineInterne,Programmé,25Z03,Domicile,0
SEJ-000477,PAT-00341,2024-11-25 18:15:47,2024-11-30 00:00:00,-1,MedecineInterne,Programmé,01M02,EHPAD,1
SEJ-000478,PAT-00342,2023-09-22 23:15:52,2023-09-27 23:15:52,5,MedecineInterne,Programmé,06M06,Domicile,0
SEJ-000479,PAT-00343,2024-06-11 10:17:34,2024-06-16 10:17:34,5,Cardiologie,Urgent,05M02,Domicile,0
SEJ-000480,PAT-00344,2023-09-03 10:18:30,2023-09-08 10:18:30,5,SoinsContinus,Urgent,24Z08,Domicile,0
SEJ-000481,PAT-00345,2023-07-13 13:14:01,2023-07-14 13:14:01,1,MedecineInterne,Programmé,06M06,Transfert,0
SEJ-000482,PAT-00346,2024-05-25 15:26:37,2024-05-29 15:26:37,4,MedecineInterne,Programmé,01M02,Domicile,0
SEJ-000483,PAT-00347,2024-08-03 02:34:29,2024-08-10 02:34:29,7,MedecineInterne,Urgent,06M06,Domicile,0
SEJ-000484,PAT-00347,2024-10-03 13:10:38,2024-10-07 13:10:38,4,MedecineInterne,Programmé,06M06,Domicile,0
SEJ-000485,PAT-00348,2024-01-23 04:48:00,2024-01-29 04:48:00,6,Chirurgie,Urgent,10C04,Domicile,0
SEJ-000486,PAT-00349,2024-05-06 21:09:45,2024-05-15 21:09:45,9,Chirurgie,Programmé,09C02,Transfert,0
SEJ-000487,PAT-00349,2024-09-02 06:14:19,2024-09-06 06:14:19,4,MedecineInterne,Urgent,01M02,Domicile,1
SEJ-000488,PAT-00350,2024-10-28 15:39:32,2024-11-02 15:39:32,5,Pneumologie,Urgent,07M04,Domicile,0
SEJ-000489,PAT-00351,2024-07-06 10:33:57,2024-07-08 10:33:57,2,Chirurgie,Urgent,09C02,EHPAD,1
SEJ-000490,PAT-00351,2024-10-10 01:53:03,2024-10-14 01:53:03,4,MedecineInterne,Urgent,01M02,Deces,0
SEJ-000491,PAT-00352,2023-08-20 12:23:31,2023-08-28 12:23:31,8,Chirurgie,Programmé,10C04,Domicile,1
SEJ-000492,PAT-00353,2023-10-17 04:44:17,2023-10-22 04:44:17,5,Urgences,Urgent,24Z08,Domicile,0
SEJ-000493,PAT-00353,2024-02-23 13:14:35,2024-03-04 13:14:35,10,Cardiologie,Urgent,05M02,Transfert,1
SEJ-000494,PAT-00353,2024-11-26 04:02:11,2024-11-28 04:02:11,2,Cardiologie,Urgent,05M09,Domicile,1
SEJ-000495,PAT-00354,2024-09-01 06:58:36,2024-09-09 06:58:36,8,MedecineInterne,Urgent,01M02,HAD,0
SEJ-000496,PAT-00354,2024-11-23 20:47:08,2024-11-25 20:47:08,2,Urgences,Urgent,01M02,Domicile,0
SEJ-000497,PAT-00355,2024-03-24 21:46:36,2024-03-29 21:46:36,5,MedecineInterne,Urgent,06M06,Domicile,0
SEJ-000498,PAT-00355,2024-11-29 10:18:10,2024-11-30 00:00:00,1,Pneumologie,Urgent,07M04,Transfert,0
SEJ-000499,PAT-00356,2023-10-25 02:55:47,2023-10-27 02:55:47,99,MedecineInterne,Urgent,25Z03,Domicile,0
SEJ-000500,PAT-00357,2023-09-30 13:16:12,2023-10-04 13:16:12,4,Chirurgie,Programmé,10C04,Domicile,0
SEJ-000501,PAT-00358,2024-09-07 00:02:39,2024-09-12 00:02:39,5,Cardiologie,Urgent,05K05,Domicile,0
SEJ-000502,PAT-00359,2023-07-23 23:33:06,2023-07-28 23:33:06,35,Cardiologie,Urgent,05M09,Domicile,0
SEJ-000503,PAT-00359,2024-02-15 09:47:20,2024-02-19 09:47:20,4,Cardiologie,Programmé,05M09,Transfert,0
SEJ-000504,PAT-00360,2024-03-09 00:42:44,2024-03-13 00:42:44,4,Cardiologie,Programmé,05M09,Domicile,0
SEJ-000505,PAT-00360,2024-08-24 01:16:27,2024-08-26 01:16:27,2,MedecineInterne,Urgent,25Z03,Domicile,0
SEJ-000506,PAT-00361,2024-04-19 20:33:40,2024-04-25 20:33:40,6,Cardiologie,Urgent,05M09,EHPAD,0
SEJ-000507,PAT-00362,2024-03-14 12:32:17,2024-03-18 12:32:17,4,Cardiologie,Urgent,05M09,Transfert,1
SEJ-000508,PAT-00362,2024-07-17 17:28:52,2024-07-21 17:28:52,4,Pneumologie,Urgent,07M04,Domicile,0
SEJ-000509,PAT-00363,2024-11-10 14:28:27,2024-11-15 14:28:27,5,MedecineInterne,Urgent,06M06,Domicile,0
SEJ-000510,PAT-00364,2024-03-04 19:25:51,2024-03-07 19:25:51,3,MedecineInterne,Programmé,06M06,EHPAD,0
SEJ-000511,PAT-00365,2024-09-20 10:08:08,2024-09-22 10:08:08,2,SoinsContinus,Urgent,24Z08,Transfert,0
SEJ-000512,PAT-00366,2024-01-25 03:33:47,2024-01-27 03:33:47,2,Chirurgie,Urgent,10C04,Domicile,0
SEJ-000513,PAT-00366,2024-09-14 05:39:46,2024-09-22 05:39:46,8,Pneumologie,Urgent,04M02,HAD,0
SEJ-000514,PAT-00367,2023-08-02 12:56:09,2023-08-05 12:56:09,3,MedecineInterne,Urgent,01M02,Domicile,0
SEJ-000515,PAT-00368,2024-06-23 16:18:37,2024-07-11 16:18:37,18,Cardiologie,Urgent,05M09,EHPAD,0
SEJ-000516,PAT-00368,2024-11-06 16:18:10,2024-11-10 16:18:10,4,Pneumologie,Programmé,04M02,Domicile,0
SEJ-000517,PAT-00369,2024-08-15 05:49:38,2024-08-22 05:49:38,7,SoinsContinus,Urgent,24Z08,Domicile,1
SEJ-000518,PAT-00369,2024-10-04 12:24:07,2024-10-08 12:24:07,4,Pneumologie,Programmé,04M02,Deces,0
SEJ-000519,PAT-00370,2024-02-17 18:22:02,2024-02-24 18:22:02,7,SoinsContinus,Programmé,25Z03,HAD,0
SEJ-000520,PAT-00370,2024-08-24 08:44:22,2024-08-30 08:44:22,6,MedecineInterne,Programmé,25Z03,Domicile,0
SEJ-000521,PAT-00371,2023-12-27 11:06:52,2024-01-07 11:06:52,11,Cardiologie,Programmé,05K05,Domicile,0
SEJ-000522,PAT-00372,2023-10-04 20:25:37,2023-10-10 20:25:37,6,SoinsContinus,Programmé,24Z08,Transfert,0
SEJ-000523,PAT-00372,2024-09-23 08:10:54,2024-09-26 08:10:54,3,MedecineInterne,Urgent,06M06,Deces,0
SEJ-000524,PAT-00372,2024-11-20 11:43:22,2024-11-26 11:43:22,6,Cardiologie,Urgent,05M02,Domicile,0
SEJ-000525,PAT-00373,2024-04-28 07:40:57,2024-05-09 07:40:57,11,Chirurgie,Urgent,10C04,Domicile,0
SEJ-000526,PAT-00373,2024-10-30 17:03:26,2024-11-10 17:03:26,11,SoinsContinus,Urgent,24Z08,Domicile,0
SEJ-000527,PAT-00374,2024-02-18 15:58:02,2024-02-24 15:58:02,6,Pneumologie,Urgent,04M05,Domicile,0
SEJ-000528,PAT-00374,2024-09-14 21:42:19,2024-09-20 21:42:19,6,Chirurgie,Urgent,10C04,EHPAD,0
SEJ-000529,PAT-00375,2024-07-16 05:26:34,2024-07-18 05:26:34,2,Pneumologie,Urgent,07M04,Transfert,0
SEJ-000530,PAT-00376,2024-11-01 17:39:27,2024-11-03 17:39:27,2,Pneumologie,Urgent,04M05,Domicile,0
SEJ-000531,PAT-00377,2023-08-30 15:36:43,2023-09-01 15:36:43,2,Chirurgie,Urgent,10C04,Domicile,0
SEJ-000532,PAT-00378,2023-11-24 20:41:48,2023-11-30 20:41:48,6,Urgences,Urgent,01M02,Domicile,0
SEJ-000533,PAT-00378,2024-11-28 03:51:04,2024-11-30 00:00:00,1,Pneumologie,Urgent,04M05,Domicile,0
SEJ-000534,PAT-00379,2024-10-01 09:35:36,2024-10-05 09:35:36,4,Cardiologie,Urgent,05K05,Domicile,0
SEJ-000535,PAT-00380,2023-12-19 03:49:37,2023-12-21 03:49:37,2,SoinsContinus,Urgent,24Z08,Transfert,1
SEJ-000536,PAT-00380,2024-06-23 09:30:02,2024-06-30 09:30:02,7,Pneumologie,Urgent,07M04,Domicile,0
SEJ-000537,PAT-00381,2023-07-23 13:57:29,2023-07-26 13:57:29,3,MedecineInterne,Urgent,25Z03,Transfert,0
SEJ-000538,PAT-00381,2024-05-21 09:44:27,2024-05-23 09:44:27,2,MedecineInterne,Programmé,25Z03,Domicile,0
SEJ-000539,PAT-00382,2024-06-19 04:33:18,2024-06-26 04:33:18,7,Cardiologie,Programmé,05K05,Domicile,0
SEJ-000540,PAT-00382,2024-10-01 19:12:57,2024-10-04 19:12:57,3,Urgences,Urgent,01M02,EHPAD,0
SEJ-000541,PAT-00383,2024-03-21 05:28:16,2024-04-12 05:28:16,22,Chirurgie,Programmé,09C08,Domicile,0
SEJ-000542,PAT-00383,2024-07-11 12:08:53,2024-07-23 12:08:53,12,Cardiologie,Urgent,05M02,Transfert,0
SEJ-000543,PAT-00384,2023-12-15 13:03:39,2023-12-17 13:03:39,2,MedecineInterne,Urgent,06M06,HAD,0
SEJ-000544,PAT-00384,2024-10-18 07:21:19,2024-10-24 07:21:19,6,Cardiologie,Urgent,05M02,Domicile,0
SEJ-000545,PAT-00385,2023-11-15 04:05:45,2023-11-16 04:05:45,1,Pneumologie,Programmé,04M05,Domicile,1
SEJ-000546,PAT-00386,2023-12-06 23:11:51,2023-12-17 23:11:51,11,Urgences,Programmé,01M02,Domicile,0
SEJ-000547,PAT-00386,2024-07-31 18:42:19,2024-08-07 18:42:19,7,SoinsContinus,Urgent,25Z03,Domicile,0
SEJ-000548,PAT-00387,2024-08-20 04:19:51,2024-08-22 04:19:51,2,Pneumologie,Urgent,04M05,EHPAD,1
SEJ-000549,PAT-00388,2024-10-03 22:03:32,2024-10-07 22:03:32,4,Cardiologie,Urgent,05K05,Domicile,0
SEJ-000550,PAT-00389,2024-11-12 10:14:59,2024-11-19 10:14:59,7,Cardiologie,Urgent,05M09,Transfert,0
SEJ-000551,PAT-00390,2023-11-20 10:41:13,2023-11-23 10:41:13,3,SoinsContinus,Urgent,24Z08,Domicile,0
SEJ-000552,PAT-00391,2024-06-05 15:28:57,2024-06-09 15:28:57,4,Chirurgie,Urgent,09C08,HAD,1
SEJ-000553,PAT-00392,2023-12-13 11:44:01,2023-12-19 11:44:01,6,Cardiologie,Programmé,05M09,Domicile,0
SEJ-000554,PAT-00393,2024-10-07 13:31:52,2024-10-13 13:31:52,6,Chirurgie,Programmé,10C04,Domicile,0
SEJ-000555,PAT-00394,2023-11-04 10:31:03,2023-11-11 10:31:03,-3,SoinsContinus,Urgent,24Z08,Transfert,0
SEJ-000556,PAT-00394,2024-09-26 12:32:14,2024-09-28 12:32:14,2,Pneumologie,Urgent,04M02,EHPAD,0
SEJ-000557,PAT-00395,2024-05-04 21:40:33,2024-05-08 21:40:33,4,MedecineInterne,Urgent,01M02,Transfert,0
SEJ-000558,PAT-00396,2024-04-26 17:26:52,2024-05-01 17:26:52,5,SoinsContinus,Urgent,24Z08,Domicile,0
SEJ-000559,PAT-00396,2024-11-22 02:36:51,2024-11-23 02:36:51,1,Cardiologie,Programmé,05M02,HAD,0
SEJ-000560,PAT-00397,2024-11-02 13:30:29,2024-11-05 13:30:29,3,MedecineInterne,Urgent,25Z03,Domicile,0
SEJ-000561,PAT-00398,2023-08-28 22:38:58,2023-09-09 22:38:58,12,SoinsContinus,Programmé,24Z08,EHPAD,1
SEJ-000562,PAT-00399,2024-05-06 09:12:02,2024-05-09 09:12:02,3,SoinsContinus,Programmé,24Z08,HAD,0
SEJ-000563,PAT-00399,2024-09-09 21:23:16,2024-09-14 21:23:16,5,Chirurgie,Urgent,09C08,Transfert,1
SEJ-000564,PAT-00400,2023-09-26 11:48:16,2023-10-01 11:48:16,5,Chirurgie,Urgent,09C02,Domicile,0
SEJ-000565,PAT-00400,2024-02-26 21:27:13,2024-02-28 21:27:13,2,Cardiologie,Urgent,05K05,Transfert,0
SEJ-000566,PAT-00401,2024-05-25 02:32:56,2024-05-29 02:32:56,4,Cardiologie,Urgent,05M09,Domicile,0
SEJ-000567,PAT-00402,2023-11-12 09:27:48,2023-11-22 09:27:48,10,MedecineInterne,Urgent,25Z03,Transfert,0
SEJ-000568,PAT-00403,2023-07-16 13:12:30,2023-07-19 13:12:30,3,MedecineInterne,Urgent,25Z03,Domicile,0
SEJ-000569,PAT-00403,2024-08-16 04:34:40,2024-08-20 04:34:40,4,Pneumologie,Urgent,07M04,Domicile,0
SEJ-000570,PAT-00404,2024-07-25 15:26:28,2024-07-29 15:26:28,4,Cardiologie,Urgent,05K05,Deces,0
SEJ-000571,PAT-00404,2024-11-02 03:44:02,2024-11-07 03:44:02,5,MedecineInterne,Urgent,06M06,Domicile,0
SEJ-000572,PAT-00405,2023-09-15 12:18:50,2023-09-23 12:18:50,8,Pneumologie,Urgent,07M04,Domicile,0
SEJ-000573,PAT-00406,2024-08-24 16:00:55,2024-08-28 16:00:55,4,SoinsContinus,Urgent,25Z03,Domicile,0
SEJ-000574,PAT-00407,2023-11-05 08:54:37,2023-11-06 08:54:37,1,MedecineInterne,Urgent,06M06,Deces,0
SEJ-000575,PAT-00408,2023-11-09 20:12:01,2023-11-14 20:12:01,5,MedecineInterne,Urgent,06M06,EHPAD,0
SEJ-000576,PAT-00409,2024-08-27 14:11:48,2024-08-30 14:11:48,3,MedecineInterne,Programmé,01M02,Domicile,0
SEJ-000577,PAT-00409,2024-10-21 23:10:35,2024-10-25 23:10:35,4,MedecineInterne,Urgent,06M06,EHPAD,0
SEJ-000578,PAT-00410,2023-12-21 19:32:44,2023-12-26 19:32:44,5,MedecineInterne,Programmé,25Z03,EHPAD,0
SEJ-000579,PAT-00411,2023-08-14 14:15:49,2023-08-17 14:15:49,3,MedecineInterne,Urgent,01M02,EHPAD,0
SEJ-000580,PAT-00411,2024-07-01 11:56:15,2024-07-09 11:56:15,8,MedecineInterne,Programmé,01M02,Domicile,0
SEJ-000581,PAT-00412,2024-09-20 13:09:28,2024-09-24 13:09:28,4,SoinsContinus,Urgent,24Z08,Transfert,0
SEJ-000582,PAT-00413,2024-08-09 17:21:12,2024-08-14 17:21:12,5,MedecineInterne,Urgent,25Z03,Domicile,0
SEJ-000583,PAT-00413,2024-11-05 12:43:53,2024-11-08 12:43:53,3,Urgences,Urgent,24Z08,Transfert,0
SEJ-000584,PAT-00414,2023-08-28 16:45:34,2023-08-30 16:45:34,2,Cardiologie,Urgent,05K05,Domicile,0
SEJ-000585,PAT-00414,2024-07-28 10:40:09,2024-08-05 10:40:09,8,Cardiologie,Urgent,05K05,Domicile,0
SEJ-000586,PAT-00415,2023-09-23 17:14:02,2023-09-29 17:14:02,6,MedecineInterne,Programmé,01M02,Transfert,0
SEJ-000587,PAT-00415,2024-06-01 12:28:47,2024-06-04 12:28:47,3,MedecineInterne,Urgent,01M02,Domicile,0
SEJ-000588,PAT-00416,2024-04-24 22:33:02,2024-04-26 22:33:02,2,SoinsContinus,Urgent,25Z03,Domicile,0
SEJ-000589,PAT-00417,2024-08-08 11:47:33,2024-08-18 11:47:33,10,SoinsContinus,Programmé,24Z08,Domicile,0
SEJ-000590,PAT-00418,2024-01-03 20:16:01,2024-01-06 20:16:01,3,Cardiologie,Programmé,05M02,HAD,0
SEJ-000591,PAT-00418,2024-05-08 19:58:51,2024-05-15 19:58:51,7,Chirurgie,Programmé,09C08,EHPAD,0
SEJ-000592,PAT-00419,2023-09-25 23:24:47,2023-10-06 23:24:47,11,MedecineInterne,Programmé,01M02,Domicile,0
SEJ-000593,PAT-00419,2024-10-21 18:22:59,2024-10-24 18:22:59,3,MedecineInterne,Urgent,25Z03,EHPAD,0
SEJ-000594,PAT-00419,2024-11-25 18:25:45,2024-11-30 00:00:00,4,Pneumologie,Programmé,04M02,EHPAD,0
SEJ-000595,PAT-00420,2024-11-02 02:30:07,2024-11-09 02:30:07,7,MedecineInterne,Urgent,25Z03,Domicile,0
SEJ-000596,PAT-00421,2023-10-21 18:54:23,2023-10-27 18:54:23,6,Cardiologie,Programmé,05K05,Transfert,0
SEJ-000597,PAT-00421,2024-05-29 10:11:50,2024-06-10 10:11:50,12,MedecineInterne,Programmé,25Z03,Domicile,0
SEJ-000598,PAT-00422,2024-02-01 13:08:56,2024-02-05 13:08:56,4,Cardiologie,Urgent,05M09,Domicile,1
SEJ-000599,PAT-00423,2024-04-05 17:16:17,2024-04-08 17:16:17,3,MedecineInterne,Programmé,06M06,EHPAD,0
SEJ-000600,PAT-00424,2023-08-30 15:57:31,2023-09-01 15:57:31,2,Cardiologie,Urgent,05K05,Domicile,1
SEJ-000601,PAT-00425,2023-07-27 19:45:36,2023-07-28 19:45:36,1,SoinsContinus,Urgent,25Z03,HAD,0
SEJ-000602,PAT-00425,2024-09-20 06:15:37,2024-09-21 06:15:37,1,Urgences,Urgent,24Z08,Transfert,1
SEJ-000603,PAT-00426,2023-12-14 00:28:07,2023-12-22 00:28:07,8,SoinsContinus,Programmé,24Z08,Domicile,0
SEJ-000604,PAT-00427,2024-09-18 05:50:17,2024-09-19 05:50:17,1,Chirurgie,Programmé,09C08,Domicile,0
SEJ-000605,PAT-00427,2024-11-23 05:21:55,2024-11-26 05:21:55,3,SoinsContinus,Urgent,25Z03,Domicile,0
SEJ-000606,PAT-00428,2024-01-29 23:36:12,2024-02-05 23:36:12,7,Urgences,Programmé,01M02,Domicile,1
SEJ-000607,PAT-00428,2024-05-05 21:51:23,2024-05-08 21:51:23,3,MedecineInterne,Urgent,01M02,Deces,0
SEJ-000608,PAT-00429,2024-10-08 19:47:27,2024-10-20 19:47:27,12,MedecineInterne,Urgent,06M06,Domicile,0
SEJ-000609,PAT-00430,2024-02-08 22:17:12,2024-02-20 22:17:12,12,Cardiologie,Urgent,05M09,Domicile,0
SEJ-000610,PAT-00431,2024-03-12 08:58:32,2024-03-16 08:58:32,4,Urgences,Urgent,24Z08,Domicile,0
SEJ-000611,PAT-00431,2024-08-27 17:40:04,2024-08-29 17:40:04,2,SoinsContinus,Programmé,25Z03,HAD,0
SEJ-000612,PAT-00432,2024-01-28 07:56:45,2024-02-01 07:56:45,4,Cardiologie,Programmé,05M09,Deces,1
SEJ-000613,PAT-00433,2023-07-13 15:42:32,2023-07-18 15:42:32,5,Pneumologie,Programmé,07M04,Domicile,0
SEJ-000614,PAT-00433,2024-07-31 13:49:02,2024-08-04 13:49:02,4,SoinsContinus,Urgent,24Z08,Deces,0
SEJ-000615,PAT-00434,2024-07-19 12:14:31,2024-07-21 12:14:31,2,Chirurgie,Urgent,10C04,Transfert,0
SEJ-000616,PAT-00434,2024-11-19 11:02:58,2024-11-30 00:00:00,10,Urgences,Urgent,24Z08,Domicile,0
SEJ-000617,PAT-00435,2023-07-10 14:40:27,2023-07-15 14:40:27,5,Chirurgie,Urgent,09C08,Domicile,0
SEJ-000618,PAT-00435,2023-12-21 21:41:27,2023-12-25 21:41:27,4,Chirurgie,Urgent,09C08,Domicile,0
SEJ-000619,PAT-00436,2024-04-01 01:46:24,2024-04-07 01:46:24,6,MedecineInterne,Programmé,06M06,EHPAD,0
SEJ-000620,PAT-00436,2024-10-05 17:51:57,2024-10-06 17:51:57,1,Cardiologie,Urgent,05K05,Domicile,0
SEJ-000621,PAT-00437,2023-12-23 01:40:51,2023-12-26 01:40:51,3,SoinsContinus,Urgent,25Z03,Domicile,0
SEJ-000622,PAT-00438,2024-03-31 05:42:50,2024-04-02 05:42:50,2,Cardiologie,Programmé,05M09,Domicile,1
SEJ-000623,PAT-00439,2024-06-11 10:46:29,2024-06-13 10:46:29,2,MedecineInterne,Urgent,01M02,Domicile,1
SEJ-000624,PAT-00439,2024-10-08 19:45:24,2024-10-11 19:45:24,3,Urgences,Urgent,01M02,EHPAD,0
SEJ-000625,PAT-00440,2023-12-16 03:05:15,2023-12-19 03:05:15,3,Cardiologie,Urgent,05M09,EHPAD,0
SEJ-000626,PAT-00441,2024-07-03 14:20:02,2024-07-09 14:20:02,6,Pneumologie,Programmé,07M04,Domicile,1
SEJ-000627,PAT-00441,2024-11-15 04:47:31,2024-11-17 04:47:31,2,MedecineInterne,Urgent,25Z03,Domicile,0
SEJ-000628,PAT-00442,2024-10-31 09:24:19,2024-11-12 09:24:19,12,MedecineInterne,Urgent,01M02,Deces,0
SEJ-000629,PAT-00443,2023-07-31 20:19:26,2023-08-04 20:19:26,4,SoinsContinus,Urgent,25Z03,Transfert,1
SEJ-000630,PAT-00444,2023-08-13 02:35:16,2023-08-20 02:35:16,7,MedecineInterne,Urgent,06M06,Domicile,0
SEJ-000631,PAT-00445,2024-07-26 22:34:44,2024-07-29 22:34:44,3,MedecineInterne,Urgent,25Z03,Domicile,0
SEJ-000632,PAT-00446,2024-09-07 13:41:21,2024-09-14 13:41:21,7,Pneumologie,Urgent,04M02,Domicile,0
SEJ-000633,PAT-00446,2024-11-29 14:59:35,2024-11-30 00:00:00,1,Pneumologie,Programmé,07M04,Domicile,0
SEJ-000634,PAT-00447,2024-08-20 16:12:49,2024-08-25 16:12:49,5,Cardiologie,Urgent,05K05,Domicile,1
SEJ-000635,PAT-00448,2023-10-18 17:49:07,2023-10-23 17:49:07,5,Cardiologie,Programmé,05M09,HAD,0
SEJ-000636,PAT-00448,2024-04-22 08:31:50,2024-04-25 08:31:50,3,Cardiologie,Urgent,05M02,EHPAD,0
SEJ-000637,PAT-00449,2023-07-22 11:08:13,2023-07-29 11:08:13,7,Pneumologie,Programmé,07M04,EHPAD,0
SEJ-000638,PAT-00450,2024-02-16 14:04:00,2024-03-01 14:04:00,14,Cardiologie,Programmé,05M02,Domicile,0
SEJ-000639,PAT-00451,2024-03-22 10:43:33,2024-03-24 10:43:33,2,Chirurgie,Urgent,10C04,EHPAD,0
SEJ-000640,PAT-00452,2023-10-21 13:34:40,2023-10-25 13:34:40,4,Pneumologie,Urgent,07M04,Deces,0
SEJ-000641,PAT-00453,2023-08-26 23:36:53,2023-09-03 23:36:53,8,Cardiologie,Urgent,05M02,HAD,0
SEJ-000642,PAT-00453,2024-04-22 07:02:24,2024-04-26 07:02:24,4,Pneumologie,Programmé,07M04,Transfert,0
SEJ-000643,PAT-00454,2023-11-18 00:55:54,2023-11-22 00:55:54,4,Cardiologie,Urgent,05M09,Transfert,0
SEJ-000644,PAT-00454,2024-03-23 01:37:23,2024-03-24 01:37:23,1,Cardiologie,Urgent,05K05,EHPAD,1
SEJ-000645,PAT-00455,2024-06-16 07:15:51,2024-06-23 07:15:51,7,MedecineInterne,Urgent,25Z03,Domicile,0
SEJ-000646,PAT-00456,2023-11-23 16:15:09,2023-11-26 16:15:09,3,Chirurgie,Urgent,09C08,Domicile,0
SEJ-000647,PAT-00457,2023-08-14 09:40:39,2023-08-22 09:40:39,8,Pneumologie,Urgent,04M02,Domicile,1
SEJ-000648,PAT-00457,2024-09-06 01:25:02,2024-09-08 01:25:02,2,Pneumologie,Urgent,07M04,Domicile,1
SEJ-000649,PAT-00458,2024-02-04 09:55:34,2024-02-07 09:55:34,3,MedecineInterne,Urgent,25Z03,Transfert,0
SEJ-000650,PAT-00458,2024-03-19 01:56:05,2024-03-26 01:56:05,7,Cardiologie,Urgent,05M09,Domicile,0
SEJ-000651,PAT-00459,2024-03-05 04:01:53,2024-03-09 04:01:53,4,SoinsContinus,Programmé,24Z08,Transfert,0
SEJ-000652,PAT-00460,2023-08-16 17:15:39,2023-08-20 17:15:39,4,MedecineInterne,Programmé,25Z03,Transfert,0
SEJ-000653,PAT-00460,2024-06-02 20:54:19,2024-06-08 20:54:19,6,Chirurgie,Urgent,09C08,Deces,0
SEJ-000654,PAT-00461,2024-01-15 23:29:16,2024-01-19 23:29:16,4,MedecineInterne,Urgent,06M06,Domicile,0
SEJ-000655,PAT-00461,2024-06-14 10:01:52,2024-06-20 10:01:52,6,Urgences,Urgent,01M02,EHPAD,0
SEJ-000656,PAT-00462,2024-07-25 12:10:41,2024-07-30 12:10:41,5,SoinsContinus,Urgent,25Z03,Deces,0
SEJ-000657,PAT-00462,2024-11-17 01:57:52,2024-11-20 01:57:52,3,Chirurgie,Urgent,09C08,Domicile,0
SEJ-000658,PAT-00463,2024-02-08 06:15:07,2024-02-17 06:15:07,9,Urgences,Urgent,24Z08,Domicile,0
SEJ-000659,PAT-00464,2024-09-23 19:13:13,2024-09-28 19:13:13,5,SoinsContinus,Programmé,25Z03,Domicile,0
SEJ-000660,PAT-00465,2023-07-10 00:06:15,2023-07-13 00:06:15,3,MedecineInterne,Urgent,06M06,Domicile,0
SEJ-000661,PAT-00466,2023-08-16 18:51:11,2023-08-18 18:51:11,2,SoinsContinus,Urgent,25Z03,Domicile,0
SEJ-000662,PAT-00466,2023-11-19 12:38:00,2023-11-24 12:38:00,5,Cardiologie,Urgent,05M02,Domicile,0
SEJ-000663,PAT-00467,2024-01-17 02:30:41,2024-01-19 02:30:41,2,SoinsContinus,Urgent,24Z08,Deces,0
SEJ-000664,PAT-00468,2024-06-15 01:27:08,2024-06-21 01:27:08,6,SoinsContinus,Urgent,24Z08,HAD,0
SEJ-000665,PAT-00469,2024-08-22 18:04:01,2024-08-27 18:04:01,5,MedecineInterne,Programmé,06M06,Domicile,1
SEJ-000666,PAT-00470,2024-03-27 03:21:49,2024-03-31 03:21:49,34,MedecineInterne,Urgent,06M06,Transfert,1
SEJ-000667,PAT-00471,2024-01-21 00:43:08,2024-01-31 00:43:08,10,Chirurgie,Urgent,09C02,Domicile,0
SEJ-000668,PAT-00472,2024-03-07 01:34:34,2024-03-11 01:34:34,4,Chirurgie,Programmé,09C08,Domicile,0
SEJ-000669,PAT-00473,2024-04-26 03:02:06,2024-05-01 03:02:06,5,Cardiologie,Programmé,05K05,EHPAD,1
SEJ-000670,PAT-00473,2024-08-08 19:06:00,2024-08-11 19:06:00,3,Pneumologie,Urgent,07M04,Domicile,0
SEJ-000671,PAT-00473,2024-09-26 14:39:04,2024-09-30 14:39:04,34,MedecineInterne,Urgent,25Z03,Domicile,1
SEJ-000672,PAT-00474,2024-01-14 11:11:31,2024-01-15 11:11:31,0,MedecineInterne,Urgent,25Z03,Domicile,0
SEJ-000673,PAT-00475,2024-10-19 11:43:53,2024-10-31 11:43:53,12,Pneumologie,Urgent,04M02,Deces,1
SEJ-000674,PAT-00476,2024-02-19 05:15:22,2024-02-23 05:15:22,4,MedecineInterne,Urgent,06M06,Domicile,0
SEJ-000675,PAT-00476,2024-06-30 01:39:53,2024-07-07 01:39:53,7,Cardiologie,Programmé,05M09,HAD,0
SEJ-000676,PAT-00477,2024-02-01 05:05:58,2024-02-05 05:05:58,99,Cardiologie,Urgent,05M09,HAD,0
SEJ-000677,PAT-00478,2023-09-21 05:41:58,2023-09-22 05:41:58,1,MedecineInterne,Urgent,01M02,Domicile,0
SEJ-000678,PAT-00479,2024-04-26 02:58:43,2024-04-29 02:58:43,3,MedecineInterne,Urgent,06M06,Domicile,0
SEJ-000679,PAT-00480,2024-08-19 16:29:08,2024-08-21 16:29:08,2,MedecineInterne,Urgent,06M06,Domicile,0
SEJ-000680,PAT-00481,2024-10-26 07:28:39,2024-11-03 07:28:39,8,SoinsContinus,Urgent,24Z08,EHPAD,0
SEJ-000681,PAT-00482,2023-12-25 08:45:54,2023-12-28 08:45:54,3,Chirurgie,Programmé,09C08,Transfert,1
SEJ-000682,PAT-00483,2023-07-27 19:49:25,2023-08-02 19:49:25,36,Cardiologie,Urgent,05M02,Domicile,0
SEJ-000683,PAT-00484,2024-10-17 21:19:07,2024-10-21 21:19:07,4,Pneumologie,Urgent,07M04,Deces,0
SEJ-000684,PAT-00485,2024-03-29 05:55:03,2024-04-03 05:55:03,5,SoinsContinus,Programmé,24Z08,Domicile,1
SEJ-000685,PAT-00486,2024-11-01 20:12:36,2024-11-09 20:12:36,8,MedecineInterne,Urgent,06M06,HAD,0
SEJ-000686,PAT-00487,2024-06-30 21:26:29,2024-07-05 21:26:29,5,MedecineInterne,Programmé,06M06,Domicile,0
SEJ-000687,PAT-00488,2024-11-11 12:39:00,2024-11-15 12:39:00,4,Cardiologie,Urgent,05M02,HAD,0
SEJ-000688,PAT-00489,2024-08-03 07:22:16,2024-08-04 07:22:16,1,MedecineInterne,Urgent,01M02,Domicile,0
SEJ-000689,PAT-00489,2024-10-23 11:52:46,2024-10-29 11:52:46,6,MedecineInterne,Urgent,06M06,Domicile,0
SEJ-000690,PAT-00490,2023-08-07 21:23:27,2023-08-11 21:23:27,4,Urgences,Urgent,24Z08,Domicile,0
SEJ-000691,PAT-00491,2024-08-05 07:21:11,2024-08-11 07:21:11,6,MedecineInterne,Programmé,06M06,Domicile,0
SEJ-000692,PAT-00491,2024-09-15 13:12:50,2024-09-25 13:12:50,10,MedecineInterne,Programmé,01M02,Domicile,1
SEJ-000693,PAT-00492,2023-09-12 01:47:18,2023-09-17 01:47:18,5,Chirurgie,Urgent,09C02,Domicile,1
SEJ-000694,PAT-00493,2023-11-19 22:38:00,2023-11-23 22:38:00,4,MedecineInterne,Urgent,25Z03,Domicile,1
SEJ-000695,PAT-00494,2024-04-24 11:48:46,2024-04-29 11:48:46,5,MedecineInterne,Urgent,06M06,Deces,0
SEJ-000696,PAT-00495,2024-04-24 11:37:30,2024-04-27 11:37:30,3,MedecineInterne,Programmé,06M06,Domicile,1
SEJ-000697,PAT-00495,2024-11-07 14:39:07,2024-11-09 14:39:07,2,MedecineInterne,Urgent,06M06,Domicile,1
SEJ-000698,PAT-00496,2023-10-31 00:32:43,2023-11-05 00:32:43,5,Pneumologie,Urgent,04M02,Transfert,0
SEJ-000699,PAT-00497,2024-10-07 10:43:32,2024-10-12 10:43:32,5,Urgences,Urgent,24Z08,Deces,0
SEJ-000700,PAT-00498,2024-07-07 07:17:26,2024-07-09 07:17:26,2,SoinsContinus,Urgent,25Z03,Domicile,1
SEJ-000701,PAT-00499,2024-11-04 09:49:26,2024-11-09 09:49:26,5,SoinsContinus,Urgent,25Z03,HAD,1
SEJ-000702,PAT-00500,2023-07-23 14:07:14,2023-07-27 14:07:14,4,Pneumologie,Programmé,04M02,EHPAD,0
SEJ-000703,PAT-00501,2024-01-10 00:39:30,2024-01-18 00:39:30,8,Pneumologie,Programmé,07M04,Transfert,0
SEJ-000704,PAT-00501,2024-10-25 21:49:21,2024-10-26 21:49:21,-3,Pneumologie,Urgent,04M05,Domicile,0
SEJ-000705,PAT-00502,2023-09-06 11:24:46,2023-09-09 11:24:46,3,Chirurgie,Urgent,09C02,HAD,0
SEJ-000706,PAT-00502,2023-12-13 03:45:57,2023-12-17 03:45:57,4,Cardiologie,Urgent,05K05,Domicile,0
SEJ-000707,PAT-00503,2024-05-23 16:08:51,2024-05-25 16:08:51,2,MedecineInterne,Urgent,01M02,Deces,0
SEJ-000708,PAT-00504,2024-02-12 23:51:54,2024-02-17 23:51:54,5,MedecineInterne,Urgent,06M06,HAD,0
SEJ-000709,PAT-00505,2024-06-17 05:55:15,2024-06-19 05:55:15,0,MedecineInterne,Urgent,01M02,EHPAD,0
SEJ-000710,PAT-00506,2023-07-09 23:01:48,2023-07-15 23:01:48,6,MedecineInterne,Urgent,25Z03,Deces,1
SEJ-000711,PAT-00506,2023-12-26 23:52:13,2024-01-08 23:52:13,-1,Cardiologie,Programmé,05M02,Domicile,1
SEJ-000712,PAT-00507,2024-06-25 17:17:45,2024-06-30 17:17:45,5,Cardiologie,Urgent,05M02,Domicile,0
SEJ-000713,PAT-00507,2024-09-29 13:01:03,2024-10-19 13:01:03,20,MedecineInterne,Urgent,01M02,Domicile,0
SEJ-000714,PAT-00508,2024-09-06 08:27:31,2024-09-17 08:27:31,11,SoinsContinus,Urgent,24Z08,Deces,0
SEJ-000715,PAT-00509,2024-09-06 21:22:40,2024-09-09 21:22:40,3,SoinsContinus,Urgent,24Z08,Domicile,0
SEJ-000716,PAT-00510,2023-08-23 07:21:52,2023-08-28 07:21:52,5,Pneumologie,Programmé,04M05,Domicile,0
SEJ-000717,PAT-00510,2023-12-15 09:49:48,2023-12-26 09:49:48,11,Cardiologie,Urgent,05M02,Domicile,0
SEJ-000718,PAT-00510,2024-10-12 01:12:06,2024-10-18 01:12:06,6,Cardiologie,Urgent,05K05,HAD,0
SEJ-000719,PAT-00511,2024-02-04 16:45:51,2024-02-06 16:45:51,2,Urgences,Urgent,01M02,Domicile,0
SEJ-000720,PAT-00512,2023-08-05 20:32:47,2023-08-13 20:32:47,8,Urgences,Urgent,24Z08,Domicile,0
SEJ-000721,PAT-00513,2023-11-08 18:04:44,2023-11-19 18:04:44,11,MedecineInterne,Programmé,25Z03,Domicile,0
SEJ-000722,PAT-00514,2023-10-15 22:15:04,2023-10-19 22:15:04,4,MedecineInterne,Urgent,06M06,Transfert,0
SEJ-000723,PAT-00514,2024-09-15 11:04:34,2024-09-25 11:04:34,10,Pneumologie,Urgent,04M05,EHPAD,0
SEJ-000724,PAT-00515,2024-02-01 19:28:59,2024-02-05 19:28:59,4,Cardiologie,Programmé,05M02,EHPAD,0
SEJ-000725,PAT-00516,2024-09-15 20:02:36,2024-09-20 20:02:36,5,Urgences,Urgent,01M02,Domicile,0
SEJ-000726,PAT-00517,2024-05-18 03:37:17,2024-05-23 03:37:17,5,Cardiologie,Urgent,05M09,Deces,0
SEJ-000727,PAT-00517,2024-10-20 16:06:07,2024-10-24 16:06:07,4,Pneumologie,Programmé,07M04,Transfert,0
SEJ-000728,PAT-00518,2024-06-06 13:02:36,2024-06-10 13:02:36,4,Urgences,Programmé,24Z08,Domicile,0
SEJ-000729,PAT-00519,2024-01-06 17:07:39,2024-01-09 17:07:39,3,Pneumologie,Urgent,07M04,Domicile,0
SEJ-000730,PAT-00519,2024-11-02 11:47:53,2024-11-06 11:47:53,4,MedecineInterne,Urgent,25Z03,Domicile,0
SEJ-000731,PAT-00520,2023-12-19 00:27:32,2023-12-22 00:27:32,3,SoinsContinus,Urgent,24Z08,Domicile,0
SEJ-000732,PAT-00521,2023-12-20 02:21:50,2023-12-29 02:21:50,9,Pneumologie,Urgent,07M04,Deces,0
SEJ-000733,PAT-00521,2024-10-02 21:02:18,2024-10-08 21:02:18,6,Pneumologie,Urgent,07M04,Domicile,0
SEJ-000734,PAT-00522,2023-08-08 19:25:14,2023-08-12 19:25:14,4,Cardiologie,Urgent,05M02,Domicile,1
SEJ-000735,PAT-00523,2024-04-16 21:20:10,2024-04-20 21:20:10,4,Pneumologie,Urgent,04M02,Domicile,0
SEJ-000736,PAT-00524,2023-12-21 09:55:35,2023-12-29 09:55:35,8,MedecineInterne,Programmé,01M02,Domicile,1
SEJ-000737,PAT-00525,2024-04-06 07:48:22,2024-04-13 07:48:22,7,MedecineInterne,Urgent,06M06,Transfert,0
SEJ-000738,PAT-00526,2023-11-03 04:52:19,2023-11-10 04:52:19,7,MedecineInterne,Urgent,01M02,Domicile,0
SEJ-000739,PAT-00527,2024-02-12 13:31:41,2024-02-18 13:31:41,6,Cardiologie,Urgent,05M02,Domicile,0
SEJ-000740,PAT-00528,2024-05-20 02:39:43,2024-05-27 02:39:43,7,Chirurgie,Urgent,09C02,Domicile,0
SEJ-000741,PAT-00528,2024-07-14 07:20:21,2024-07-17 07:20:21,3,SoinsContinus,Urgent,25Z03,Domicile,0
SEJ-000742,PAT-00529,2023-10-11 13:27:32,2023-10-12 13:27:32,1,SoinsContinus,Urgent,24Z08,Domicile,1
SEJ-000743,PAT-00530,2023-08-27 04:15:26,2023-08-29 04:15:26,2,MedecineInterne,Urgent,25Z03,HAD,0
SEJ-000744,PAT-00531,2024-04-29 06:48:18,2024-05-01 06:48:18,2,Cardiologie,Programmé,05K05,Domicile,0
SEJ-000745,PAT-00532,2024-01-19 04:43:00,2024-01-28 04:43:00,9,MedecineInterne,Programmé,06M06,Domicile,0
SEJ-000746,PAT-00533,2023-12-26 21:15:11,2023-12-28 21:15:11,2,MedecineInterne,Urgent,01M02,Domicile,1
SEJ-000747,PAT-00533,2024-09-26 21:07:26,2024-09-29 21:07:26,3,Chirurgie,Urgent,09C02,Domicile,0
SEJ-000748,PAT-00534,2023-11-24 09:36:51,2023-11-28 09:36:51,4,Urgences,Programmé,01M02,Deces,0
SEJ-000749,PAT-00534,2024-05-19 05:27:11,2024-06-09 05:27:11,21,MedecineInterne,Programmé,06M06,Domicile,0
SEJ-000750,PAT-00535,2023-11-02 23:10:48,2023-11-18 23:10:48,16,MedecineInterne,Urgent,06M06,Deces,0
SEJ-000751,PAT-00535,2024-11-23 19:08:13,2024-11-30 00:00:00,6,Cardiologie,Programmé,05K05,Domicile,0
SEJ-000752,PAT-00536,2024-02-04 21:05:41,2024-02-06 21:05:41,2,Chirurgie,Programmé,10C04,Domicile,0
SEJ-000753,PAT-00536,2024-08-30 12:33:42,2024-09-02 12:33:42,3,Chirurgie,Programmé,10C04,Transfert,0
SEJ-000754,PAT-00537,2024-01-28 12:48:48,2024-02-02 12:48:48,-1,MedecineInterne,Programmé,25Z03,Domicile,1
SEJ-000755,PAT-00537,2024-05-27 20:02:25,2024-06-03 20:02:25,7,MedecineInterne,Urgent,06M06,Deces,0
SEJ-000756,PAT-00538,2024-10-03 01:57:05,2024-10-07 01:57:05,4,SoinsContinus,Programmé,24Z08,Domicile,0
SEJ-000757,PAT-00539,2023-12-25 05:24:34,2023-12-28 05:24:34,3,Urgences,Urgent,24Z08,Domicile,0
SEJ-000758,PAT-00539,2024-08-05 08:26:13,2024-08-08 08:26:13,3,Urgences,Urgent,24Z08,Transfert,0
SEJ-000759,PAT-00540,2024-06-02 06:33:04,2024-06-10 06:33:04,8,MedecineInterne,Programmé,06M06,Domicile,0
SEJ-000760,PAT-00540,2024-11-17 16:54:30,2024-11-22 16:54:30,5,Chirurgie,Urgent,09C02,Deces,0
SEJ-000761,PAT-00541,2024-08-11 08:44:24,2024-08-28 08:44:24,17,Pneumologie,Urgent,04M05,Domicile,0
SEJ-000762,PAT-00542,2024-05-26 11:39:35,2024-06-02 11:39:35,7,Chirurgie,Urgent,09C08,Domicile,0
SEJ-000763,PAT-00543,2024-06-01 17:54:46,2024-06-03 17:54:46,2,MedecineInterne,Urgent,01M02,HAD,0
SEJ-000764,PAT-00544,2024-04-19 23:00:46,2024-04-30 23:00:46,11,MedecineInterne,Urgent,06M06,Domicile,0
SEJ-000765,PAT-00544,2024-11-04 10:45:36,2024-11-08 10:45:36,4,MedecineInterne,Urgent,06M06,Transfert,0
SEJ-000766,PAT-00545,2024-07-04 10:27:35,2024-07-14 10:27:35,10,Chirurgie,Urgent,10C04,Domicile,1
SEJ-000767,PAT-00546,2024-04-25 23:24:28,2024-05-02 23:24:28,7,Chirurgie,Urgent,09C02,Transfert,0
SEJ-000768,PAT-00547,2023-11-03 22:25:12,2023-11-08 22:25:12,5,SoinsContinus,Urgent,24Z08,Deces,0
SEJ-000769,PAT-00548,2024-06-25 16:24:43,2024-06-28 16:24:43,3,Pneumologie,Urgent,04M05,Transfert,1
SEJ-000770,PAT-00548,2024-10-19 18:06:23,2024-10-25 18:06:23,6,Urgences,Programmé,24Z08,EHPAD,0
SEJ-000771,PAT-00549,2024-08-11 14:30:38,2024-08-15 14:30:38,4,MedecineInterne,Programmé,25Z03,Transfert,0
SEJ-000772,PAT-00549,2024-11-28 01:41:33,2024-11-30 00:00:00,1,Chirurgie,Programmé,09C08,Transfert,0
SEJ-000773,PAT-00550,2023-08-25 02:13:20,2023-08-29 02:13:20,4,Urgences,Urgent,24Z08,EHPAD,0
SEJ-000774,PAT-00551,2023-12-18 23:28:31,2023-12-27 23:28:31,9,Pneumologie,Programmé,04M05,Domicile,0
SEJ-000775,PAT-00551,2024-06-05 12:48:37,2024-06-09 12:48:37,4,Cardiologie,Urgent,05M02,Domicile,0
SEJ-000776,PAT-00552,2023-08-16 07:16:49,2023-08-28 07:16:49,12,Cardiologie,Urgent,05K05,Domicile,0
SEJ-000777,PAT-00553,2024-06-09 15:49:42,2024-06-12 15:49:42,3,MedecineInterne,Programmé,06M06,Domicile,0
SEJ-000778,PAT-00553,2024-10-26 18:47:54,2024-10-29 18:47:54,3,MedecineInterne,Urgent,25Z03,Domicile,1
SEJ-000779,PAT-00554,2024-05-14 01:00:05,2024-05-16 01:00:05,2,MedecineInterne,Urgent,06M06,Domicile,1
SEJ-000780,PAT-00555,2024-10-01 22:19:27,2024-10-05 22:19:27,4,SoinsContinus,Programmé,24Z08,Domicile,0
SEJ-000781,PAT-00555,2024-11-13 21:59:31,2024-11-19 21:59:31,6,MedecineInterne,Programmé,06M06,EHPAD,0
SEJ-000782,PAT-00556,2024-10-13 05:05:24,2024-10-18 05:05:24,5,Cardiologie,Urgent,05M09,Domicile,1
SEJ-000783,PAT-00557,2023-10-13 01:33:50,2023-10-17 01:33:50,4,MedecineInterne,Programmé,06M06,Domicile,0
SEJ-000784,PAT-00557,2024-06-27 14:20:33,2024-06-28 14:20:33,1,Cardiologie,Programmé,05M02,Deces,0
SEJ-000785,PAT-00558,2023-08-31 14:12:02,2023-09-04 14:12:02,4,SoinsContinus,Programmé,24Z08,Domicile,0
SEJ-000786,PAT-00559,2024-05-10 00:26:39,2024-05-14 00:26:39,4,Cardiologie,Urgent,05M09,Transfert,0
SEJ-000787,PAT-00560,2024-09-13 05:49:40,2024-09-16 05:49:40,3,SoinsContinus,Urgent,24Z08,Domicile,0
SEJ-000788,PAT-00560,2024-11-28 17:59:28,2024-11-30 00:00:00,1,Chirurgie,Urgent,10C04,Domicile,0
SEJ-000789,PAT-00561,2023-07-23 17:07:15,2023-07-24 17:07:15,1,Cardiologie,Urgent,05M09,EHPAD,0
SEJ-000790,PAT-00562,2024-10-28 23:28:17,2024-11-13 23:28:17,16,SoinsContinus,Urgent,25Z03,EHPAD,0
SEJ-000791,PAT-00563,2023-09-16 16:49:46,2023-09-18 16:49:46,2,Urgences,Programmé,24Z08,HAD,1
SEJ-000792,PAT-00563,2024-02-11 18:35:09,2024-02-14 18:35:09,3,Urgences,Urgent,24Z08,HAD,1
SEJ-000793,PAT-00564,2023-11-02 02:26:16,2023-11-05 02:26:16,3,SoinsContinus,Urgent,25Z03,Transfert,0
SEJ-000794,PAT-00565,2023-08-26 21:33:27,2023-08-29 21:33:27,-3,MedecineInterne,Programmé,01M02,Domicile,0
SEJ-000795,PAT-00566,2023-10-13 00:56:07,2023-10-18 00:56:07,5,Chirurgie,Programmé,09C08,HAD,0
SEJ-000796,PAT-00566,2024-03-21 12:39:44,2024-03-24 12:39:44,3,Cardiologie,Urgent,05K05,Transfert,0
SEJ-000797,PAT-00567,2023-09-13 13:07:36,2023-09-16 13:07:36,3,Chirurgie,Urgent,10C04,HAD,0
SEJ-000798,PAT-00568,2024-01-04 22:01:32,2024-01-14 22:01:32,10,MedecineInterne,Programmé,06M06,Domicile,0
SEJ-000799,PAT-00569,2023-12-21 07:34:12,2024-01-03 07:34:12,13,Chirurgie,Programmé,09C08,Domicile,0
SEJ-000800,PAT-00570,2023-08-18 18:28:37,2023-08-23 18:28:37,5,Cardiologie,Urgent,05M02,Domicile,0
SEJ-000801,PAT-00571,2024-09-06 08:19:46,2024-09-07 08:19:46,1,Cardiologie,Urgent,05M02,Transfert,1
SEJ-000802,PAT-00572,2023-10-26 09:17:51,2023-10-28 09:17:51,2,Chirurgie,Urgent,10C04,Domicile,1
SEJ-000803,PAT-00573,2023-10-01 09:19:10,2023-10-13 09:19:10,12,Chirurgie,Urgent,09C02,Deces,0
SEJ-000804,PAT-00574,2023-09-17 16:59:31,2023-09-26 16:59:31,9,Pneumologie,Urgent,04M05,Domicile,0
SEJ-000805,PAT-00574,2023-12-20 19:46:58,2023-12-24 19:46:58,4,Cardiologie,Urgent,05K05,Domicile,0
SEJ-000806,PAT-00575,2024-02-22 17:42:44,2024-02-28 17:42:44,6,SoinsContinus,Urgent,25Z03,EHPAD,0
SEJ-000807,PAT-00575,2024-05-09 04:13:48,2024-05-11 04:13:48,2,MedecineInterne,Urgent,25Z03,Domicile,0
SEJ-000808,PAT-00575,2024-09-01 15:13:15,2024-09-04 15:13:15,-1,MedecineInterne,Urgent,25Z03,EHPAD,0
SEJ-000809,PAT-00576,2024-05-07 03:49:35,2024-05-11 03:49:35,4,MedecineInterne,Urgent,25Z03,Domicile,0
SEJ-000810,PAT-00576,2024-11-07 00:24:26,2024-11-12 00:24:26,5,Cardiologie,Programmé,05K05,Domicile,0
SEJ-000811,PAT-00577,2024-05-26 10:48:56,2024-06-11 10:48:56,16,Cardiologie,Urgent,05K05,Domicile,0
SEJ-000812,PAT-00577,2024-08-30 13:13:40,2024-09-05 13:13:40,-1,MedecineInterne,Programmé,01M02,Domicile,0
SEJ-000813,PAT-00578,2024-06-03 01:18:51,2024-06-09 01:18:51,6,Urgences,Urgent,24Z08,Domicile,0
SEJ-000814,PAT-00578,2024-10-21 16:02:52,2024-10-27 16:02:52,6,MedecineInterne,Programmé,01M02,Domicile,0
SEJ-000815,PAT-00579,2024-08-09 08:05:37,2024-08-15 08:05:37,6,SoinsContinus,Programmé,24Z08,Domicile,0
SEJ-000816,PAT-00579,2024-10-24 06:35:25,2024-11-05 06:35:25,12,Chirurgie,Urgent,10C04,Domicile,0
SEJ-000817,PAT-00580,2024-11-26 07:14:20,2024-11-30 00:00:00,3,MedecineInterne,Urgent,06M06,Domicile,1
SEJ-000818,PAT-00581,2024-10-11 15:30:11,2024-10-20 15:30:11,9,Cardiologie,Programmé,05M09,Transfert,1
SEJ-000819,PAT-00582,2024-01-30 08:57:18,2024-02-01 08:57:18,2,MedecineInterne,Urgent,25Z03,Domicile,0
SEJ-000820,PAT-00582,2024-03-05 01:15:32,2024-03-16 01:15:32,11,Urgences,Urgent,01M02,Domicile,0
SEJ-000821,PAT-00583,2024-11-21 06:05:12,2024-11-29 06:05:12,8,MedecineInterne,Urgent,25Z03,Domicile,0
SEJ-000822,PAT-00584,2024-08-22 11:17:20,2024-08-29 11:17:20,7,Chirurgie,Urgent,09C02,HAD,1
SEJ-000823,PAT-00584,2024-11-26 01:20:15,2024-11-30 00:00:00,3,MedecineInterne,Urgent,01M02,Deces,1
SEJ-000824,PAT-00585,2024-05-13 05:44:32,2024-05-15 05:44:32,2,Cardiologie,Urgent,05M02,HAD,0
SEJ-000825,PAT-00585,2024-10-16 13:03:29,2024-10-18 13:03:29,2,MedecineInterne,Programmé,25Z03,Transfert,0
SEJ-000826,PAT-00586,2024-10-14 13:34:28,2024-10-15 13:34:28,1,Urgences,Urgent,24Z08,Domicile,1
SEJ-000827,PAT-00587,2023-07-29 00:05:41,2023-07-31 00:05:41,2,Chirurgie,Urgent,10C04,EHPAD,0
SEJ-000828,PAT-00588,2024-09-20 08:15:51,2024-09-24 08:15:51,4,Chirurgie,Urgent,09C02,Domicile,0
SEJ-000829,PAT-00589,2024-05-15 14:16:34,2024-05-20 14:16:34,5,MedecineInterne,Programmé,06M06,Transfert,0
SEJ-000830,PAT-00590,2024-06-28 18:55:01,2024-06-30 18:55:01,2,Urgences,Urgent,01M02,Transfert,0
SEJ-000831,PAT-00590,2024-11-24 21:15:33,2024-11-30 00:00:00,5,Cardiologie,Urgent,05K05,Domicile,0
SEJ-000832,PAT-00591,2023-12-30 00:48:07,2024-01-02 00:48:07,3,Pneumologie,Programmé,04M02,Domicile,0
SEJ-000833,PAT-00591,2024-06-11 02:44:00,2024-06-13 02:44:00,2,Urgences,Programmé,01M02,Domicile,0
SEJ-000834,PAT-00591,2024-11-24 11:23:53,2024-11-29 11:23:53,5,MedecineInterne,Urgent,01M02,Domicile,0
SEJ-000835,PAT-00592,2023-08-07 20:16:44,2023-08-20 20:16:44,13,Chirurgie,Urgent,09C02,HAD,0
SEJ-000836,PAT-00593,2024-10-10 02:46:18,2024-10-18 02:46:18,8,Chirurgie,Urgent,10C04,Deces,0
SEJ-000837,PAT-00594,2023-12-30 22:49:55,2024-01-03 22:49:55,4,Pneumologie,Urgent,04M02,Domicile,0
SEJ-000838,PAT-00595,2024-05-13 16:35:31,2024-05-17 16:35:31,4,Pneumologie,Urgent,04M02,Domicile,0
SEJ-000839,PAT-00596,2024-08-26 18:26:44,2024-08-31 18:26:44,-3,MedecineInterne,Urgent,25Z03,Deces,1
SEJ-000840,PAT-00596,2024-10-17 02:02:58,2024-10-27 02:02:58,-3,Cardiologie,Programmé,05M09,Domicile,0
SEJ-000841,PAT-00597,2023-07-08 15:37:12,2023-07-11 15:37:12,99,MedecineInterne,Urgent,01M02,Domicile,0
SEJ-000842,PAT-00597,2024-04-08 19:24:50,2024-04-19 19:24:50,11,MedecineInterne,Urgent,25Z03,HAD,0
SEJ-000843,PAT-00598,2023-11-14 17:00:50,2023-11-21 17:00:50,7,Cardiologie,Urgent,05M09,Domicile,0
SEJ-000844,PAT-00598,2024-02-12 00:01:02,2024-02-15 00:01:02,3,Pneumologie,Urgent,04M05,Domicile,0
SEJ-000845,PAT-00598,2024-09-06 16:22:07,2024-09-10 16:22:07,4,Chirurgie,Programmé,09C02,Transfert,1
SEJ-000846,PAT-00599,2023-11-02 17:42:02,2023-11-08 17:42:02,6,Pneumologie,Urgent,04M02,Domicile,0
SEJ-000847,PAT-00600,2023-10-04 07:54:38,2023-10-08 07:54:38,4,Chirurgie,Urgent,09C08,Domicile,1
SEJ-000848,PAT-00601,2024-04-04 02:41:43,2024-04-06 02:41:43,2,MedecineInterne,Programmé,25Z03,Transfert,0
SEJ-000849,PAT-00601,2024-08-29 18:28:24,2024-09-04 18:28:24,6,Chirurgie,Urgent,09C08,HAD,0
SEJ-000850,PAT-00602,2023-10-28 20:29:56,2023-10-31 20:29:56,3,Cardiologie,Urgent,05K05,Domicile,1
SEJ-000851,PAT-00603,2024-05-10 02:41:59,2024-05-14 02:41:59,4,MedecineInterne,Urgent,06M06,Domicile,0
SEJ-000852,PAT-00604,2024-08-01 01:22:56,2024-08-06 01:22:56,5,Chirurgie,Urgent,09C08,Transfert,0
SEJ-000853,PAT-00605,2024-03-12 02:33:36,2024-03-16 02:33:36,4,Chirurgie,Urgent,09C02,Transfert,0
SEJ-000854,PAT-00606,2024-09-26 01:14:04,2024-10-01 01:14:04,5,Pneumologie,Urgent,04M02,Transfert,0
SEJ-000855,PAT-00607,2024-09-10 07:07:12,2024-09-19 07:07:12,9,Cardiologie,Urgent,05M09,Domicile,0
SEJ-000856,PAT-00608,2024-05-30 07:47:35,2024-06-02 07:47:35,3,Cardiologie,Programmé,05M09,Domicile,0
SEJ-000857,PAT-00608,2024-10-28 07:38:54,2024-10-29 07:38:54,1,Chirurgie,Programmé,09C08,Domicile,0
SEJ-000858,PAT-00609,2024-02-04 19:10:52,2024-02-11 19:10:52,99,SoinsContinus,Programmé,25Z03,Transfert,1
SEJ-000859,PAT-00609,2024-10-24 04:41:33,2024-11-08 04:41:33,15,Cardiologie,Urgent,05K05,HAD,0
SEJ-000860,PAT-00610,2024-07-15 04:27:00,2024-07-20 04:27:00,5,Urgences,Programmé,01M02,EHPAD,0
SEJ-000861,PAT-00610,2024-10-14 06:47:39,2024-11-11 06:47:39,28,Urgences,Urgent,01M02,Domicile,0
SEJ-000862,PAT-00611,2024-08-15 12:26:42,2024-08-22 12:26:42,7,Cardiologie,Urgent,05M02,EHPAD,0
SEJ-000863,PAT-00611,2024-11-08 12:18:26,2024-11-11 12:18:26,3,Chirurgie,Urgent,09C02,Transfert,0
SEJ-000864,PAT-00612,2024-09-17 07:21:07,2024-09-25 07:21:07,8,Pneumologie,Urgent,04M02,Domicile,0
SEJ-000865,PAT-00613,2023-11-23 18:18:29,2023-11-29 18:18:29,6,Cardiologie,Urgent,05M02,Deces,0
SEJ-000866,PAT-00614,2023-11-18 21:56:38,2023-11-21 21:56:38,99,Cardiologie,Urgent,05K05,Domicile,0
SEJ-000867,PAT-00615,2023-12-07 15:28:18,2023-12-09 15:28:18,2,SoinsContinus,Urgent,25Z03,Domicile,0
SEJ-000868,PAT-00615,2024-04-01 09:52:59,2024-04-13 09:52:59,12,Cardiologie,Urgent,05M02,Domicile,0
SEJ-000869,PAT-00615,2024-10-30 18:26:30,2024-11-02 18:26:30,3,MedecineInterne,Programmé,06M06,Transfert,0
SEJ-000870,PAT-00616,2024-09-01 09:30:42,2024-09-16 09:30:42,15,Chirurgie,Urgent,09C02,Domicile,1
SEJ-000871,PAT-00617,2024-06-20 02:33:32,2024-06-23 02:33:32,3,Cardiologie,Programmé,05M02,EHPAD,0
SEJ-000872,PAT-00617,2024-10-03 02:01:18,2024-10-05 02:01:18,2,MedecineInterne,Urgent,25Z03,Transfert,0
SEJ-000873,PAT-00618,2024-05-24 15:25:33,2024-05-30 15:25:33,6,SoinsContinus,Urgent,25Z03,Domicile,0
SEJ-000874,PAT-00618,2024-07-20 16:47:10,2024-07-28 16:47:10,8,Pneumologie,Urgent,04M05,HAD,0
SEJ-000875,PAT-00619,2023-09-24 18:25:44,2023-09-29 18:25:44,5,MedecineInterne,Programmé,01M02,Domicile,0
SEJ-000876,PAT-00619,2024-08-12 07:02:40,2024-08-17 07:02:40,5,MedecineInterne,Programmé,01M02,Deces,0
SEJ-000877,PAT-00620,2024-03-05 03:03:11,2024-03-07 03:03:11,2,MedecineInterne,Urgent,06M06,Domicile,0
SEJ-000878,PAT-00620,2024-07-21 08:26:32,2024-08-01 08:26:32,11,Cardiologie,Programmé,05K05,HAD,0
