Commune,CodePostal,IndiceDefavorisation,DensiteMedicale,PopulationCommune
Saint-Denis,97400,0.745,115.0,21001
Saint-Pierre,97410,0.2,160.3,170609
Le Tampon,97418,0.237,169.7,158268
Saint-Paul,97460,0.532,141.8,173255
Saint-André,97470,0.34,125.3,120676
Le Port,97420,0.797,89.0,98386
Saint-Louis,97450,0.741,90.8,154564
Saint-Joseph,97480,0.34,149.1,78963
Petite-Île,97429,0.583,108.5,120925
Sainte-Marie,97438,0.299,158.2,35212
Sainte-Suzanne,97441,0.239,138.9,175356
Bras-Panon,97412,0.496,135.3,42899
La Possession,97419,0.498,129.1,169273
Saint-Leu,97421,0.468,140.7,183348
Trois-Bassins,97426,0.524,96.1,177370
Étang-Salé,97427,0.456,118.3,3108
Avirons,97422,0.232,171.9,9641
Cilaos,97424,0.58,119.1,32045
Entre-Deux,97414,0.465,122.5,125034
Sainte-Rose,97439,0.432,129.0,122457
Plaine-des-Palmistes,97431,0.265,159.8,218397
Salazie,97433,0.691,96.3,187968
Saint-Philippe,97442,0.581,124.3,111845
Toulouse,31000,0.278,142.5,172781
Marseille,13001,0.572,117.3,170084
Lyon,69001,0.322,156.5,159335
Bordeaux,33000,0.336,112.7,37817
Nantes,44000,0.197,140.4,84753
Lille,59000,0.437,155.3,81528
Strasbourg,67000,0.528,105.1,200024
Rennes,35000,0.259,166.7,162516
Montpellier,34000,0.337,147.2,60984
Nice,06000,0.511,114.2,120999
Clermont-Ferrand,63000,0.381,166.9,40124
Limoges,87000,0.461,133.3,22190
Tours,37000,0.448,137.1,143491
Dijon,21000,0.388,120.7,149578
Poitiers,86000,0.342,153.8,24093
Saint-Étienne,42000,0.477,133.2,65903
Le Mans,72000,0.395,189.0,6482
Besançon,25000,0.294,152.5,97895
Brest,29200,0.375,127.7,206415
Metz,57000,0.507,121.3,63676
Perpignan,66000,0.5,116.3,6222
Caen,14000,0.554,121.4,27474
Nancy,54000,0.252,130.9,62949
Rouen,76000,0.544,105.4,53165
Annecy,74000,0.196,175.2,9674
Bastia,20600,0.402,124.0,140210
Chambéry,73000,0.272,128.0,65065
Gap,05000,0.612,115.5,213308
Aurillac,15000,0.535,144.6,218334
Mende,48000,0.515,131.1,6331
Guéret,23000,0.485,104.6,170184
Rodez,12000,0.39,133.8,208579
Vichy,03200,0.391,117.0,54152
Quimper,29000,0.46,129.4,62791
Lorient,56100,0.313,170.9,69305
Vannes,56000,0.33,142.8,62526
Dunkerque,59140,0.627,95.2,30303
Calais,62100,0.385,138.2,190352
Charleville-Mézières,08000,0.316,136.5,177201
Vesoul,70000,0.429,156.9,214126
Auch,32000,0.294,143.6,67257
Tarbes,65000,0.375,140.4,131930
